,Iteration,Loss,Gap,Accuracy,F1,Precision,Recall
0,0.0,1.4300334453582764,13.04512882232666,0.0,0.0,0.0,0.0
1,1.0,0.7810372114181519,0.8353270888328552,0.34057971014492755,0.17305131218174696,0.11599453896240286,0.34057971014492755
2,2.0,0.6850506663322449,0.772172749042511,0.6594202898550725,0.5240807543826341,0.4348351186725478,0.6594202898550725
3,3.0,1.023961067199707,0.337703675031662,0.34057971014492755,0.17305131218174696,0.11599453896240286,0.34057971014492755
4,4.0,0.8706550598144531,1.5992989540100098,0.6594202898550725,0.5240807543826341,0.4348351186725478,0.6594202898550725
5,5.0,0.9749885201454163,0.12484973669052124,0.6594202898550725,0.5240807543826341,0.4348351186725478,0.6594202898550725
6,6.0,0.9739411473274231,1.718259572982788,0.6594202898550725,0.5240807543826341,0.4348351186725478,0.6594202898550725
7,7.0,0.8605806827545166,0.025003649294376373,0.6594202898550725,0.5240807543826341,0.4348351186725478,0.6594202898550725
8,8.0,0.8710725903511047,1.739732265472412,0.6594202898550725,0.5240807543826341,0.4348351186725478,0.6594202898550725
9,9.0,0.6011146903038025,0.8219849467277527,0.6594202898550725,0.5240807543826341,0.4348351186725478,0.6594202898550725
10,10.0,0.6141676306724548,0.9613595008850098,1.0,1.0,1.0,1.0
11,11.0,0.3068261742591858,0.5973078012466431,1.0,1.0,1.0,1.0
12,12.0,0.3756731152534485,0.8303134441375732,1.0,1.0,1.0,1.0
13,13.0,0.4198361933231354,1.6991077661514282,0.0,0.0,0.0,0.0
14,14.0,0.33731141686439514,1.5620932579040527,1.0,1.0,1.0,1.0
15,15.0,0.5253235101699829,1.1114798784255981,1.0,1.0,1.0,1.0
16,16.0,0.3732914924621582,0.38335204124450684,1.0,1.0,1.0,1.0
17,17.0,0.21555426716804504,0.9695939421653748,1.0,1.0,1.0,1.0
18,18.0,0.1661064326763153,2.080103874206543,1.0,1.0,1.0,1.0
19,19.0,0.823857307434082,0.8888649940490723,1.0,1.0,1.0,1.0
20,20.0,0.3680712878704071,0.4517010450363159,1.0,1.0,1.0,1.0
21,21.0,0.38896444439888,5.68324613571167,0.0,0.0,0.0,0.0
22,22.0,0.9393664002418518,2.705899715423584,0.4855072463768116,0.6536585365853659,1.0,0.4855072463768116
23,23.0,0.4839380085468292,0.7735234498977661,1.0,1.0,1.0,1.0
24,24.0,0.24383407831192017,0.427569180727005,1.0,1.0,1.0,1.0
25,25.0,0.2804310619831085,4.8993330001831055,1.0,1.0,1.0,1.0
26,26.0,0.6182363033294678,1.4709978103637695,1.0,1.0,1.0,1.0
27,27.0,0.16874445974826813,0.549310028553009,0.14130434782608695,0.24761904761904763,1.0,0.14130434782608695
28,28.0,0.30256521701812744,1.4219759702682495,0.6847826086956522,0.5566619915848527,0.46892722117202273,0.6847826086956522
29,29.0,0.0668722614645958,1.3101922273635864,0.6847826086956522,0.5566619915848527,0.46892722117202273,0.6847826086956522
30,30.0,0.5389589667320251,1.3898199796676636,0.9094202898550725,0.9098255956767379,0.9104682873616956,0.9094202898550725
31,31.0,0.15672186017036438,0.48118922114372253,0.8876811594202898,0.8850137408460549,0.8870824655908599,0.8876811594202898
32,32.0,0.10572152584791183,0.6378929615020752,0.6847826086956522,0.5566619915848527,0.46892722117202273,0.6847826086956522
33,33.0,0.1916206032037735,0.499930202960968,0.9021739130434783,0.9026116433308768,0.9032842449742869,0.9021739130434783
34,34.0,0.07487113028764725,0.3836878538131714,0.8152173913043478,0.8217497673181757,0.8835066162570889,0.8152173913043478
35,35.0,0.2467654049396515,0.8909029364585876,0.9094202898550725,0.9105430291651455,0.9137454710144929,0.9094202898550725
36,36.0,0.3193337917327881,0.5567311644554138,0.8985507246376812,0.897157451613166,0.8975300950694093,0.8985507246376812
37,37.0,0.23858307301998138,1.0387028455734253,0.8695652173913043,0.8746159985131899,0.891372047098256,0.8695652173913043
38,38.0,0.313839852809906,0.36245980858802795,0.2572463768115942,0.10527085160589733,0.0661756983826927,0.2572463768115942
39,39.0,0.539333701133728,4.200035572052002,0.2753623188405797,0.1421791192958241,0.8101502754157976,0.2753623188405797
40,40.0,0.29883700609207153,1.2789185047149658,0.7427536231884058,0.6331163939859591,0.5516829447595043,0.7427536231884058
41,41.0,0.7383814454078674,12.8578519821167,0.2572463768115942,0.10527085160589733,0.0661756983826927,0.2572463768115942
42,42.0,0.460789293050766,1.2000582218170166,0.8152173913043478,0.7736588131287744,0.8520295516304348,0.8152173913043478
43,43.0,0.5243281126022339,0.9251287579536438,0.7427536231884058,0.6331163939859591,0.5516829447595043,0.7427536231884058
44,44.0,0.38325706124305725,0.30630698800086975,0.7427536231884058,0.6331163939859591,0.5516829447595043,0.7427536231884058
45,45.0,0.3938470482826233,0.5439332127571106,0.8478260869565217,0.8485098749644785,0.8492959977936668,0.8478260869565217
46,46.0,0.38114240765571594,0.3253730535507202,0.6811594202898551,0.810344827586207,1.0,0.6811594202898551
47,47.0,0.26276344060897827,0.6153897047042847,0.6123188405797102,0.7595505617977528,1.0,0.6123188405797102
48,48.0,0.1725621521472931,0.8859955668449402,1.0,1.0,1.0,1.0
49,49.0,0.4019876718521118,0.9432780146598816,0.8514492753623188,0.9197651663405088,1.0,0.8514492753623188
50,50.0,0.37605008482933044,1.077194333076477,0.7391304347826086,0.85,1.0,0.7391304347826086
51,51.0,0.334388792514801,0.5293156504631042,1.0,1.0,1.0,1.0
52,52.0,0.3251110911369324,0.5277988910675049,1.0,1.0,1.0,1.0
53,53.0,0.33378633856773376,0.5797412395477295,0.8659420289855072,0.9281553398058252,1.0,0.8659420289855072
54,54.0,0.1982657015323639,0.34015220403671265,0.6847826086956522,0.8129032258064516,1.0,0.6847826086956522
55,55.0,0.349278062582016,0.44397255778312683,1.0,1.0,1.0,1.0
56,56.0,0.17159540951251984,0.38642406463623047,0.7536231884057971,0.859504132231405,1.0,0.7536231884057971
57,57.0,0.43642231822013855,0.5971361398696899,0.7210144927536232,0.8378947368421054,1.0,0.7210144927536232
58,58.0,0.17657102644443512,0.5144650936126709,1.0,1.0,1.0,1.0
59,59.0,0.44909751415252686,0.8107801675796509,1.0,1.0,1.0,1.0
60,60.0,0.2210107147693634,0.2799798250198364,0.927536231884058,0.962406015037594,1.0,0.927536231884058
61,61.0,0.23473946750164032,0.18170727789402008,0.6666666666666666,0.8,1.0,0.6666666666666666
62,62.0,0.2430191934108734,0.275882750749588,0.9891304347826086,0.994535519125683,1.0,0.9891304347826086
63,63.0,0.3195405900478363,0.3698604702949524,0.7101449275362319,0.8305084745762712,1.0,0.7101449275362319
64,64.0,0.11698903888463974,1.4752044677734375,1.0,1.0,1.0,1.0
65,65.0,0.4892912209033966,0.7320890426635742,1.0,1.0,1.0,1.0
66,66.0,0.1647563874721527,2.1310412883758545,0.0,0.0,0.0,0.0
67,67.0,0.2990846335887909,0.5614248514175415,1.0,1.0,1.0,1.0
68,68.0,0.09389670938253403,7.693665504455566,0.6739130434782609,0.8051948051948052,1.0,0.6739130434782609
69,69.0,0.46821296215057373,0.9245348572731018,1.0,1.0,1.0,1.0
70,70.0,0.17172090709209442,11.407723426818848,0.7789855072463768,0.8757637474541751,1.0,0.7789855072463768
71,71.0,0.27774888277053833,0.6920636892318726,0.8079710144927537,0.8937875751503006,1.0,0.8079710144927537
72,72.0,0.18607360124588013,6.596735000610352,1.0,1.0,1.0,1.0
73,73.0,0.2808951139450073,0.7657510638237,1.0,1.0,1.0,1.0
74,74.0,0.17526470124721527,0.6572157144546509,1.0,1.0,1.0,1.0
75,75.0,0.14198410511016846,0.7322131395339966,1.0,1.0,1.0,1.0
76,76.0,0.25513947010040283,0.4299744963645935,1.0,1.0,1.0,1.0
77,77.0,0.14579832553863525,0.4256386160850525,1.0,1.0,1.0,1.0
78,78.0,0.27009478211402893,0.4265640079975128,1.0,1.0,1.0,1.0
79,79.0,0.08386625349521637,3.3776051998138428,1.0,1.0,1.0,1.0
80,80.0,0.3318524956703186,0.8289588093757629,1.0,1.0,1.0,1.0
81,81.0,0.10454145073890686,0.45047125220298767,1.0,1.0,1.0,1.0
82,82.0,0.10137435793876648,0.3436744213104248,1.0,1.0,1.0,1.0
83,83.0,0.06391120702028275,0.29223641753196716,1.0,1.0,1.0,1.0
84,84.0,0.09293314069509506,0.4124915301799774,1.0,1.0,1.0,1.0
85,85.0,0.05407526716589928,0.36337652802467346,1.0,1.0,1.0,1.0
86,86.0,0.13486719131469727,0.5274226665496826,1.0,1.0,1.0,1.0
87,87.0,0.07384678721427917,0.2202138453722,1.0,1.0,1.0,1.0
88,88.0,0.05240081995725632,0.3173523545265198,1.0,1.0,1.0,1.0
89,89.0,0.07642452418804169,0.38733232021331787,1.0,1.0,1.0,1.0
90,90.0,0.05886777490377426,0.5463787317276001,1.0,1.0,1.0,1.0
91,91.0,0.1919732391834259,0.606870710849762,0.7862318840579711,0.7306127334892779,0.8347408026755853,0.7862318840579711
92,92.0,0.09180515259504318,0.2163223922252655,0.8188405797101449,0.7835706040784917,0.8549281136324268,0.8188405797101449
93,93.0,0.07159154117107391,0.47701671719551086,0.9130434782608695,0.9078265996718622,0.9197607389722517,0.9130434782608695
94,94.0,0.10305920243263245,0.29962125420570374,0.7282608695652174,0.6137544435329505,0.5303638941398866,0.7282608695652174
95,95.0,0.045943088829517365,1.090620994567871,0.8152173913043478,0.7780235409086547,0.8526138716356109,0.8152173913043478
96,96.0,0.17746327817440033,0.6418222784996033,0.7282608695652174,0.6137544435329505,0.5303638941398866,0.7282608695652174
97,97.0,0.08281143009662628,1.0175743103027344,0.8804347826086957,0.8701292150802894,0.8900283553875236,0.8804347826086957
98,98.0,0.12169269472360611,0.37780460715293884,0.7282608695652174,0.6137544435329505,0.5303638941398866,0.7282608695652174
99,99.0,0.46638718247413635,2.736311674118042,0.7282608695652174,0.6137544435329505,0.5303638941398866,0.7282608695652174
100,100.0,0.2665889859199524,0.6541088819503784,0.9166666666666666,0.9133348993814111,0.9260162601626016,0.9166666666666666
101,101.0,0.355281800031662,0.3331437408924103,0.6594202898550725,0.5240807543826341,0.4348351186725478,0.6594202898550725
102,102.0,0.3287966847419739,1.4194915294647217,0.6594202898550725,0.5240807543826341,0.4348351186725478,0.6594202898550725
103,103.0,0.3740551471710205,0.5408854484558105,0.9202898550724637,0.9176209886128366,0.9268439769946442,0.9202898550724637
104,104.0,0.5785228610038757,2.5699968338012695,0.6739130434782609,0.556500631281051,0.7818094629156009,0.6739130434782609
105,105.0,0.27502840757369995,0.49609383940696716,0.6594202898550725,0.5240807543826341,0.4348351186725478,0.6594202898550725
106,106.0,0.6691340804100037,5.893355369567871,0.6594202898550725,0.5240807543826341,0.4348351186725478,0.6594202898550725
107,107.0,0.3816855251789093,0.9483925104141235,0.6594202898550725,0.5240807543826341,0.4348351186725478,0.6594202898550725
108,108.0,0.3841668367385864,0.4694024920463562,0.6594202898550725,0.5240807543826341,0.4348351186725478,0.6594202898550725
109,109.0,0.413418710231781,0.3331068158149719,0.6594202898550725,0.5240807543826341,0.4348351186725478,0.6594202898550725
110,110.0,0.4789459705352783,1.0691893100738525,0.6594202898550725,0.5240807543826341,0.4348351186725478,0.6594202898550725
111,111.0,0.3227282166481018,0.49518078565597534,0.9311594202898551,0.9304776882902238,0.9311547929738834,0.9311594202898551
112,112.0,0.8778893351554871,1.7643510103225708,0.9021739130434783,0.8982627079694825,0.9099890968291189,0.9021739130434783
113,113.0,0.3287208676338196,0.7264890670776367,0.6594202898550725,0.5240807543826341,0.4348351186725478,0.6594202898550725
114,114.0,0.36069461703300476,0.32864683866500854,0.9311594202898551,0.9308826181945482,0.9308501525892829,0.9311594202898551
115,115.0,0.5049901008605957,1.3108576536178589,0.6594202898550725,0.5240807543826341,0.4348351186725478,0.6594202898550725
116,116.0,0.1715380847454071,0.4127320647239685,0.6594202898550725,0.5240807543826341,0.4348351186725478,0.6594202898550725
117,117.0,0.6270705461502075,2.833425283432007,0.644927536231884,0.6403535442437044,0.8261624396135265,0.644927536231884
118,118.0,0.32159286737442017,0.6351522207260132,0.9311594202898551,0.9304776882902238,0.9311547929738834,0.9311594202898551
119,119.0,0.4745742380619049,0.33380234241485596,0.8478260869565217,0.8338091228358424,0.876358695652174,0.8478260869565217
120,120.0,0.6472910642623901,1.5522456169128418,0.6594202898550725,0.5240807543826341,0.4348351186725478,0.6594202898550725
121,121.0,0.23877541720867157,0.5481456518173218,0.6594202898550725,0.5240807543826341,0.4348351186725478,0.6594202898550725
122,122.0,0.5501298308372498,2.77345871925354,0.927536231884058,0.9288172289633847,0.9382022294601828,0.927536231884058
123,123.0,0.2771196961402893,0.7876155972480774,0.9384057971014492,0.9383254823397765,0.9382723145742481,0.9384057971014492
124,124.0,0.19647324085235596,5.011573791503906,0.9528985507246377,0.9530727450012286,0.9534913905714884,0.9528985507246377
125,125.0,0.3691105842590332,0.6314833164215088,0.9384057971014492,0.938158132068806,0.9381572207659163,0.9384057971014492
126,126.0,0.6744621992111206,10.201644897460938,0.8586956521739131,0.8623558705228883,0.9001307616868257,0.8586956521739131
127,127.0,0.31396469473838806,1.0333425998687744,0.6594202898550725,0.5240807543826341,0.4348351186725478,0.6594202898550725
128,128.0,0.3497973382472992,0.5362640619277954,0.8333333333333334,0.8376605923775735,0.888095238095238,0.8333333333333334
129,129.0,0.5425924062728882,0.28615602850914,0.8768115942028986,0.8691541952411519,0.8928204724891097,0.8768115942028986
130,130.0,0.2586250305175781,1.2552648782730103,0.6594202898550725,0.5240807543826341,0.4348351186725478,0.6594202898550725
131,131.0,0.448196679353714,0.3205685019493103,0.6594202898550725,0.5240807543826341,0.4348351186725478,0.6594202898550725
132,132.0,0.24984067678451538,2.1194024085998535,0.9311594202898551,0.9319894624413276,0.93592071967358,0.9311594202898551
133,133.0,0.31773191690444946,0.5427167415618896,0.9239130434782609,0.9226647015475314,0.924816182956652,0.9239130434782609
134,134.0,0.22142048180103302,0.3083309233188629,0.9202898550724637,0.9214578849189267,0.927536231884058,0.9202898550724637
135,135.0,0.23387032747268677,1.304730772972107,0.9094202898550725,0.9069385968249011,0.9127204817613382,0.9094202898550725
136,136.0,0.18786221742630005,0.4099177420139313,1.0,1.0,1.0,1.0
137,137.0,0.4923275411128998,2.3553333282470703,1.0,1.0,1.0,1.0
138,138.0,0.22081193327903748,0.6490952372550964,1.0,1.0,1.0,1.0
139,139.0,0.32266902923583984,4.226834297180176,1.0,1.0,1.0,1.0
140,140.0,0.25434109568595886,0.5561193227767944,1.0,1.0,1.0,1.0
141,141.0,1.1013299226760864,7.939703464508057,1.0,1.0,1.0,1.0
142,142.0,0.3390161693096161,1.003749132156372,1.0,1.0,1.0,1.0
143,143.0,0.36412379145622253,0.42825376987457275,1.0,1.0,1.0,1.0
144,144.0,0.140142023563385,0.29182931780815125,1.0,1.0,1.0,1.0
145,145.0,0.0866660475730896,1.353105068206787,1.0,1.0,1.0,1.0
146,146.0,0.19093064963817596,0.4596049189567566,1.0,1.0,1.0,1.0
147,147.0,0.10944265127182007,0.2741464376449585,1.0,1.0,1.0,1.0
148,148.0,0.1532379686832428,0.3307555913925171,1.0,1.0,1.0,1.0
149,149.0,0.08383522927761078,0.7102420330047607,1.0,1.0,1.0,1.0
150,150.0,0.17948591709136963,0.4421349763870239,1.0,1.0,1.0,1.0
151,151.0,0.09386708587408066,0.41564488410949707,1.0,1.0,1.0,1.0
152,152.0,0.18145035207271576,0.3304620385169983,1.0,1.0,1.0,1.0
153,153.0,0.07740747928619385,0.3134978413581848,1.0,1.0,1.0,1.0
154,154.0,0.11997651308774948,0.3082139790058136,0.7355072463768116,0.6736510463303818,0.8112247797669793,0.7355072463768116
155,155.0,0.07349391281604767,0.25991693139076233,0.8985507246376812,0.897057299626339,0.8982541839199448,0.8985507246376812
156,156.0,0.11912074685096741,0.2977708578109741,0.9130434782608695,0.9123151818803994,0.9125546631906484,0.9130434782608695
157,157.0,0.07185068726539612,0.14413700997829437,0.8913043478260869,0.8933703430038112,0.904958988991534,0.8913043478260869
158,158.0,0.08903872221708298,0.2588615417480469,0.9094202898550725,0.9082359310107855,0.9092535807858313,0.9094202898550725
159,159.0,0.050259094685316086,0.840528666973114,0.7137681159420289,0.7174398315334419,0.8324990162110782,0.7137681159420289
160,160.0,0.14725437760353088,0.6660277843475342,0.9166666666666666,0.917165798297901,0.9183073674599098,0.9166666666666666
161,161.0,0.07514797151088715,0.6480742692947388,0.894927536231884,0.8967103782051479,0.9054505097983359,0.894927536231884
162,162.0,0.4269993305206299,0.5292609333992004,0.6956521739130435,0.6012750836120402,0.7917620137299771,0.6956521739130435
163,163.0,0.5753006935119629,1.0847313404083252,0.34057971014492755,0.17305131218174696,0.11599453896240286,0.34057971014492755
164,164.0,0.2514823079109192,0.7958143949508667,0.6594202898550725,0.5240807543826341,0.4348351186725478,0.6594202898550725
165,165.0,0.6256982684135437,1.189213752746582,0.8478260869565217,0.8517958412098299,0.8948209718670077,0.8478260869565217
166,166.0,0.42910662293434143,0.6641039848327637,0.6594202898550725,0.5240807543826341,0.4348351186725478,0.6594202898550725
167,167.0,0.15547436475753784,2.0127813816070557,0.9565217391304348,0.9569205307917009,0.95903028877718,0.9565217391304348
168,168.0,0.3133787214756012,0.8242540955543518,0.7789855072463768,0.7417682636217788,0.834466511600167,0.7789855072463768
169,169.0,0.4225563406944275,2.3765156269073486,0.8840579710144928,0.886902550915123,0.9135035656774787,0.8840579710144928
170,170.0,0.29864606261253357,0.6811113953590393,0.9420289855072463,0.9405531016621433,0.9467135119309034,0.9420289855072463
171,171.0,0.3668323755264282,3.92189884185791,0.9021739130434783,0.9043976321134857,0.9240028745957599,0.9021739130434783
172,172.0,0.31052064895629883,0.9776234030723572,0.927536231884058,0.9256437380324312,0.931274100598986,0.927536231884058
173,173.0,0.36978963017463684,0.389176607131958,0.9057971014492754,0.9077666835187056,0.9214420739940588,0.9057971014492754
174,174.0,0.30958041548728943,0.3580310046672821,0.6630434782608695,0.5287013356067064,0.4396266540642722,0.6630434782608695
175,175.0,0.3473190665245056,0.34265655279159546,0.9420289855072463,0.942178080938488,0.9424352377460586,0.9420289855072463
176,176.0,0.48800820112228394,0.31363826990127563,0.8514492753623188,0.8388960092893841,0.8742927710319015,0.8514492753623188
177,177.0,0.21498587727546692,0.17116354405879974,0.9311594202898551,0.9314213088916646,0.9319217995169082,0.9311594202898551
178,178.0,0.2523418068885803,0.3669242262840271,0.9492753623188406,0.9498569334915208,0.9530776869828737,0.9492753623188406
179,179.0,0.2528265118598938,0.39564982056617737,0.6630434782608695,0.5287013356067064,0.4396266540642722,0.6630434782608695
180,180.0,0.5227974057197571,0.5731061697006226,0.8659420289855072,0.869525215992737,0.9040969899665552,0.8659420289855072
181,181.0,0.18084068596363068,0.4209521412849426,0.8043478260869565,0.7775631929803861,0.8491156963890937,0.8043478260869565
182,182.0,0.39696863293647766,0.9983092546463013,0.927536231884058,0.9289135620025408,0.9402491736587846,0.927536231884058
183,183.0,0.264701783657074,0.6149708032608032,0.6594202898550725,0.5240807543826341,0.4348351186725478,0.6594202898550725
184,184.0,0.26312336325645447,0.1828666478395462,0.9347826086956522,0.9359355060670461,0.9452639751552794,0.9347826086956522
185,185.0,0.2181161493062973,0.7644921541213989,0.6594202898550725,0.5240807543826341,0.4348351186725478,0.6594202898550725
186,186.0,0.2756096124649048,0.21427972614765167,0.8007246376811594,0.7726000172164353,0.8469699749281477,0.8007246376811594
187,187.0,0.436859667301178,1.1903493404388428,0.8623188405797102,0.8513865455332036,0.8861001317523056,0.8623188405797102
188,188.0,0.20437367260456085,0.6712567210197449,0.8007246376811594,0.7726000172164353,0.8469699749281477,0.8007246376811594
189,189.0,0.2913948893547058,1.4283031225204468,0.9565217391304348,0.9561575909401998,0.9568213354637961,0.9565217391304348
190,190.0,0.18142962455749512,0.5985355973243713,0.9384057971014492,0.9376423343705995,0.9391494728826063,0.9384057971014492
191,191.0,0.7063214778900146,2.572908401489258,0.9384057971014492,0.937827912025282,0.9386084762101314,0.9384057971014492
192,192.0,0.18758347630500793,0.8198451995849609,0.9384057971014492,0.9376423343705995,0.9391494728826063,0.9384057971014492
193,193.0,0.34158164262771606,0.34358659386634827,0.6920289855072463,0.5991170119025334,0.7908121410992616,0.6920289855072463
194,194.0,0.3033391237258911,1.5739191770553589,0.9746376811594203,0.9747809301183397,0.9756103560666626,0.9746376811594203
195,195.0,0.2340947985649109,0.42056381702423096,0.927536231884058,0.926289543400343,0.929089026915114,0.927536231884058
196,196.0,0.4114640951156616,3.1535916328430176,0.7934782608695652,0.7976909791555374,0.8704177323103155,0.7934782608695652
197,197.0,0.21190452575683594,0.5511133670806885,0.6521739130434783,0.5148741418764302,0.42533081285444235,0.6521739130434783
198,198.0,0.3401017189025879,3.604978322982788,0.9311594202898551,0.9310745564115158,0.9310163470169538,0.9311594202898551
199,199.0,0.3811267018318176,0.4511861801147461,1.0,1.0,1.0,1.0
200,200.0,0.3779575526714325,6.6827826499938965,1.0,1.0,1.0,1.0
201,201.0,0.27439311146736145,0.6643813848495483,1.0,1.0,1.0,1.0
202,202.0,0.4397052824497223,7.631446361541748,0.8333333333333334,0.9090909090909091,1.0,0.8333333333333334
203,203.0,0.24026480317115784,0.5204771161079407,1.0,1.0,1.0,1.0
204,204.0,0.5075174570083618,9.213475227355957,1.0,1.0,1.0,1.0
205,205.0,0.41682225465774536,0.7188581228256226,1.0,1.0,1.0,1.0
206,206.0,0.4818955063819885,7.809471607208252,1.0,1.0,1.0,1.0
207,207.0,0.23846809566020966,0.5171274542808533,1.0,1.0,1.0,1.0
208,208.0,0.13937045633792877,5.0803542137146,1.0,1.0,1.0,1.0
209,209.0,0.2285328507423401,0.5229315757751465,1.0,1.0,1.0,1.0
210,210.0,0.15134498476982117,0.5298252701759338,1.0,1.0,1.0,1.0
211,211.0,0.15570180118083954,0.2605215907096863,1.0,1.0,1.0,1.0
212,212.0,0.11584972590208054,0.27598872780799866,1.0,1.0,1.0,1.0
213,213.0,0.13872475922107697,0.1910523772239685,1.0,1.0,1.0,1.0
214,214.0,0.10920208692550659,0.17781628668308258,1.0,1.0,1.0,1.0
215,215.0,0.13112732768058777,0.23013757169246674,1.0,1.0,1.0,1.0
216,216.0,0.06028733775019646,0.44766589999198914,1.0,1.0,1.0,1.0
217,217.0,0.12451525777578354,0.5161769986152649,0.532608695652174,0.3701819303114401,0.2836720226843101,0.532608695652174
218,218.0,0.07565608620643616,0.31686654686927795,0.9202898550724637,0.9201380262249829,0.9208651293674063,0.9202898550724637
219,219.0,0.12610077857971191,0.3991644084453583,0.9239130434782609,0.9238939753232267,0.9238992729142186,0.9239130434782609
220,220.0,0.07629475742578506,0.33570194244384766,0.855072463768116,0.8538343547732542,0.8827618131965957,0.855072463768116
221,221.0,0.11525420099496841,0.3946608304977417,0.7644927536231884,0.748264692991318,0.8249342169978359,0.7644927536231884
222,222.0,0.07441242784261703,0.3641820251941681,0.8043478260869565,0.7992683946488294,0.8620812544547398,0.8043478260869565
223,223.0,0.12276531755924225,0.4011879861354828,0.9239130434782609,0.9239300882719788,0.9239714573693132,0.9239130434782609
224,224.0,0.07172553986310959,0.4003909230232239,0.8043478260869565,0.7992683946488294,0.8620812544547398,0.8043478260869565
225,225.0,0.3029467463493347,0.4065658152103424,0.8514492753623188,0.8476933415746091,0.8738792428662918,0.8514492753623188
226,226.0,0.3889923691749573,0.46583062410354614,0.9420289855072463,0.942451690821256,0.9438303447146482,0.9420289855072463
227,227.0,0.38003554940223694,0.3841894268989563,0.9456521739130435,0.945427626051029,0.9454534829359513,0.9456521739130435
228,228.0,0.46481943130493164,0.36572277545928955,0.9057971014492754,0.9079718187521113,0.9263792473511143,0.9057971014492754
229,229.0,0.29697373509407043,0.2582113742828369,0.9492753623188406,0.9488390213495402,0.9494260806104883,0.9492753623188406
230,230.0,0.623276948928833,0.334137886762619,0.9420289855072463,0.942905138339921,0.9488397702382011,0.9420289855072463
231,231.0,0.5130972862243652,0.24566414952278137,0.8514492753623188,0.8379295610180167,0.8786393633540373,0.8514492753623188
232,232.0,0.3609032928943634,0.17235365509986877,0.9528985507246377,0.9528354204221993,0.9528000945179583,0.9528985507246377
233,233.0,0.6139191389083862,0.3064737915992737,0.9492753623188406,0.9489921359486577,0.9491586748835521,0.9492753623188406
234,234.0,0.2645781636238098,0.28352054953575134,0.9492753623188406,0.9497544754087277,0.9519353053317754,0.9492753623188406
235,235.0,0.155890092253685,0.36564522981643677,0.8985507246376812,0.8979846916968743,0.902147363818091,0.8985507246376812
236,236.0,0.3604664206504822,0.2877785861492157,0.9094202898550725,0.909466767267622,0.9097283342134601,0.9094202898550725
237,237.0,0.18726864457130432,0.46331241726875305,0.9021739130434783,0.902244567858026,0.9051826726510661,0.9021739130434783
238,238.0,0.34588390588760376,0.3099253475666046,0.9057971014492754,0.9057523919577942,0.9058032216999609,0.9057971014492754
239,239.0,0.19040820002555847,0.4722549021244049,0.9021739130434783,0.9022548704367587,0.9042544447463292,0.9021739130434783
240,240.0,0.299023300409317,0.28411829471588135,0.894927536231884,0.8944017206237261,0.8979278704463282,0.894927536231884
241,241.0,0.30630984902381897,0.3915769159793854,0.9021739130434783,0.9014430217469475,0.9077618338341552,0.9021739130434783
242,242.0,0.1777658611536026,0.3132641315460205,0.9021739130434783,0.9020382856699991,0.9024992801612439,0.9021739130434783
243,243.0,0.6021748185157776,0.4483115077018738,0.8804347826086957,0.8801819156889431,0.8922977933956663,0.8804347826086957
244,244.0,0.5495008826255798,0.42302197217941284,0.8188405797101449,0.8234464098572134,0.8817431561996779,0.8188405797101449
245,245.0,0.3364953100681305,0.5852475166320801,0.9384057971014492,0.9373952345860967,0.9398562938394714,0.9384057971014492
246,246.0,0.4396686851978302,0.4638458788394928,0.8442028985507246,0.848261749315157,0.8893651283105491,0.8442028985507246
247,247.0,0.25474798679351807,0.3603907525539398,0.9492753623188406,0.9492753623188406,0.9492753623188406,0.9492753623188406
248,248.0,0.42727893590927124,0.3164544701576233,0.9420289855072463,0.9411755997864795,0.943188190131125,0.9420289855072463
249,249.0,0.44525420665740967,0.26959291100502014,0.9492753623188406,0.9491412411192606,0.9491178323881537,0.9492753623188406
250,250.0,0.49241381883621216,0.2921939492225647,0.9202898550724637,0.9176209886128366,0.9268439769946442,0.9202898550724637
251,251.0,0.29008764028549194,0.27099817991256714,0.9094202898550725,0.905384652131171,0.9203598683749912,0.9094202898550725
252,252.0,0.2612791955471039,0.13911882042884827,0.8297101449275363,0.8341151190966032,0.8864734299516908,0.8297101449275363
253,253.0,0.17790275812149048,0.3721574544906616,0.9565217391304348,0.9564067781022234,0.9564035916824196,0.9565217391304348
254,254.0,0.21226705610752106,0.24211227893829346,0.9166666666666666,0.9183022491293167,0.9307498424700693,0.9166666666666666
255,255.0,0.3030032217502594,0.4441532790660858,0.6594202898550725,0.5240807543826341,0.4348351186725478,0.6594202898550725
256,256.0,0.293666273355484,0.311494916677475,0.8876811594202898,0.880999804862545,0.9040280329318909,0.8876811594202898
257,257.0,0.17646989226341248,0.4970893859863281,0.6594202898550725,0.5240807543826341,0.4348351186725478,0.6594202898550725
258,258.0,0.2829722762107849,0.34829550981521606,0.9528985507246377,0.9527091598173223,0.9527713571191831,0.9528985507246377
259,259.0,0.19299255311489105,0.47720593214035034,0.855072463768116,0.8426622920811471,0.8811855333594464,0.855072463768116
260,260.0,0.28011801838874817,0.291371613740921,0.9528985507246377,0.9528371335539468,0.9528033885401738,0.9528985507246377
261,261.0,0.17974169552326202,0.4693452715873718,0.6594202898550725,0.5240807543826341,0.4348351186725478,0.6594202898550725
262,262.0,0.4293003976345062,0.38379916548728943,1.0,1.0,1.0,1.0
263,263.0,0.22097933292388916,0.5422488451004028,1.0,1.0,1.0,1.0
264,264.0,0.45551353693008423,0.4424991011619568,1.0,1.0,1.0,1.0
265,265.0,0.25693634152412415,0.5338435769081116,1.0,1.0,1.0,1.0
266,266.0,0.28659558296203613,0.34745365381240845,1.0,1.0,1.0,1.0
267,267.0,0.17453289031982422,0.2507798969745636,1.0,1.0,1.0,1.0
268,268.0,0.23208466172218323,0.43997830152511597,1.0,1.0,1.0,1.0
269,269.0,0.1915099322795868,0.3177265226840973,1.0,1.0,1.0,1.0
270,270.0,0.14863094687461853,0.3572259843349457,1.0,1.0,1.0,1.0
271,271.0,0.22088448703289032,0.2810782194137573,1.0,1.0,1.0,1.0
272,272.0,0.13901640474796295,0.266798198223114,1.0,1.0,1.0,1.0
273,273.0,0.23435114324092865,0.3908385634422302,1.0,1.0,1.0,1.0
274,274.0,0.12898355722427368,0.3731040060520172,1.0,1.0,1.0,1.0
275,275.0,0.22366514801979065,0.40343546867370605,1.0,1.0,1.0,1.0
276,276.0,0.12100961059331894,0.5229795575141907,1.0,1.0,1.0,1.0
277,277.0,0.26044830679893494,0.5947160124778748,1.0,1.0,1.0,1.0
278,278.0,0.13288572430610657,0.4490874111652374,1.0,1.0,1.0,1.0
279,279.0,0.16882017254829407,0.519109308719635,1.0,1.0,1.0,1.0
280,280.0,0.09667257964611053,0.7395950555801392,1.0,1.0,1.0,1.0
281,281.0,0.1767980307340622,0.5950806140899658,1.0,1.0,1.0,1.0
282,282.0,0.10509835183620453,0.3455931842327118,1.0,1.0,1.0,1.0
283,283.0,0.1568268984556198,0.5350201725959778,1.0,1.0,1.0,1.0
284,284.0,0.0946127325296402,0.42972150444984436,1.0,1.0,1.0,1.0
285,285.0,0.1465425044298172,0.6023744940757751,1.0,1.0,1.0,1.0
286,286.0,0.0909847840666771,0.5062516331672668,1.0,1.0,1.0,1.0
287,287.0,0.149359792470932,0.3992665708065033,1.0,1.0,1.0,1.0
288,288.0,0.10122168064117432,0.32809507846832275,1.0,1.0,1.0,1.0
289,289.0,0.148893341422081,0.39623722434043884,0.6920289855072463,0.6518739654072181,0.7947006294832383,0.6920289855072463
290,290.0,0.08841172605752945,0.39722898602485657,0.894927536231884,0.8950643079617248,0.897103960753961,0.894927536231884
291,291.0,0.1281757801771164,0.26284608244895935,0.644927536231884,0.5818840579710145,0.7723330957472083,0.644927536231884
292,292.0,0.09879741817712784,0.3186541199684143,0.8876811594202898,0.8877563660172355,0.8945847686843601,0.8876811594202898
293,293.0,0.13379232585430145,0.21307864785194397,0.9021739130434783,0.9014886827509916,0.906290054929102,0.9021739130434783
294,294.0,0.09198858588933945,0.15038393437862396,0.7789855072463768,0.7715654489018327,0.8503182271298213,0.7789855072463768
295,295.0,0.11993010342121124,0.25826093554496765,0.7717391304347826,0.7574774971049358,0.8234582468298657,0.7717391304347826
296,296.0,0.08429552614688873,0.15958505868911743,0.8260869565217391,0.8239639362266762,0.8620614775852917,0.8260869565217391
297,297.0,0.5621957778930664,0.1669939011335373,0.7753623188405797,0.7675012679114402,0.8486651411136537,0.7753623188405797
298,298.0,0.47793129086494446,0.4678780138492584,0.8731884057971014,0.8722667783037849,0.891178395532578,0.8731884057971014
299,299.0,0.40436890721321106,0.5333912372589111,0.8913043478260869,0.8910185923915902,0.9001991511816226,0.8913043478260869
300,300.0,0.6385387778282166,0.3083683252334595,0.48188405797101447,0.3134013677757698,0.23221224532661203,0.48188405797101447
301,301.0,0.28427329659461975,0.4319005608558655,0.9130434782608695,0.9130617435597698,0.9146149541462523,0.9130434782608695
302,302.0,0.5800191164016724,0.37903594970703125,0.8260869565217391,0.8222408026755852,0.8681303821970257,0.8260869565217391
303,303.0,0.415195107460022,0.4558711647987366,0.6992753623188406,0.6682974863019007,0.7931101391246319,0.6992753623188406
304,304.0,0.4671878516674042,0.5236514806747437,0.6195652173913043,0.5630532226850194,0.7874040920716112,0.6195652173913043
305,305.0,0.16702911257743835,0.5485607981681824,0.9094202898550725,0.909373812442523,0.9095428444892412,0.9094202898550725
306,306.0,0.564693808555603,0.5921317338943481,0.48188405797101447,0.3134013677757698,0.23221224532661203,0.48188405797101447
307,307.0,0.338456928730011,0.5706808567047119,0.9166666666666666,0.9166173861620344,0.9171711853996666,0.9166666666666666
308,308.0,0.4638620615005493,0.7186901569366455,0.9057971014492754,0.9055592153418239,0.9114687138603874,0.9057971014492754
309,309.0,0.4048222601413727,0.5932253003120422,0.8659420289855072,0.8644502185522277,0.8801997122627502,0.8659420289855072
310,310.0,0.49035051465034485,0.8424485921859741,0.4927536231884058,0.32531307161953005,0.2428061331653014,0.4927536231884058
311,311.0,0.3608061969280243,0.4216708540916443,0.5797101449275363,0.4850061371800503,0.7701539855072463,0.5797101449275363
312,312.0,0.5676396489143372,0.8667857050895691,0.8913043478260869,0.8908461996609705,0.8998978075065033,0.8913043478260869
313,313.0,0.5622333288192749,0.47359997034072876,0.5072463768115942,0.34141583054626534,0.25729888678848983,0.5072463768115942
314,314.0,0.5819689631462097,0.8302139639854431,0.894927536231884,0.8944332372140653,0.904485748882771,0.894927536231884
315,315.0,0.23123519122600555,0.360777348279953,0.8768115942028986,0.8757135651189685,0.888306064737666,0.8768115942028986
316,316.0,0.39279183745384216,0.267571359872818,1.0,1.0,1.0,1.0
317,317.0,0.5633535385131836,0.31069186329841614,1.0,1.0,1.0,1.0
318,318.0,0.37508532404899597,0.2628994882106781,1.0,1.0,1.0,1.0
319,319.0,0.4098658561706543,0.32328423857688904,1.0,1.0,1.0,1.0
320,320.0,0.562891960144043,0.2673249840736389,1.0,1.0,1.0,1.0
321,321.0,0.5750646591186523,0.29290369153022766,1.0,1.0,1.0,1.0
322,322.0,0.6261875033378601,0.3811422884464264,1.0,1.0,1.0,1.0
323,323.0,0.44167956709861755,0.31966632604599,1.0,1.0,1.0,1.0
324,324.0,0.12256138771772385,0.34443172812461853,1.0,1.0,1.0,1.0
325,325.0,0.22167882323265076,0.3594956696033478,1.0,1.0,1.0,1.0
326,326.0,0.12004728615283966,0.35634517669677734,1.0,1.0,1.0,1.0
327,327.0,0.20734348893165588,0.3726683557033539,1.0,1.0,1.0,1.0
328,328.0,0.13363145291805267,0.30627429485321045,1.0,1.0,1.0,1.0
329,329.0,0.2197578102350235,0.3941287696361542,1.0,1.0,1.0,1.0
330,330.0,0.11924586445093155,0.5518286228179932,1.0,1.0,1.0,1.0
331,331.0,0.2584070861339569,0.7125474214553833,1.0,1.0,1.0,1.0
332,332.0,0.14835169911384583,0.43136629462242126,1.0,1.0,1.0,1.0
333,333.0,0.11560408771038055,0.25689277052879333,1.0,1.0,1.0,1.0
334,334.0,0.08531767874956131,0.48840898275375366,1.0,1.0,1.0,1.0
335,335.0,0.13170236349105835,0.296222984790802,1.0,1.0,1.0,1.0
336,336.0,0.09683667123317719,0.3581325113773346,1.0,1.0,1.0,1.0
337,337.0,0.12738986313343048,0.26508820056915283,1.0,1.0,1.0,1.0
338,338.0,0.09686774015426636,0.20453503727912903,1.0,1.0,1.0,1.0
339,339.0,0.12194075435400009,0.38017722964286804,1.0,1.0,1.0,1.0
340,340.0,0.08081720769405365,0.3499526381492615,1.0,1.0,1.0,1.0
341,341.0,0.11932960897684097,0.41427043080329895,1.0,1.0,1.0,1.0
342,342.0,0.07828177511692047,0.4732523262500763,0.5507246376811594,0.7102803738317757,1.0,0.5507246376811594
343,343.0,0.1521926075220108,0.52382493019104,1.0,1.0,1.0,1.0
344,344.0,0.09335348755121231,0.525429368019104,1.0,1.0,1.0,1.0
345,345.0,0.13430090248584747,0.49316293001174927,1.0,1.0,1.0,1.0
346,346.0,0.08263866603374481,0.7218338847160339,0.0,0.0,0.0,0.0
347,347.0,0.14662982523441315,0.5920460820198059,1.0,1.0,1.0,1.0
348,348.0,0.08666600286960602,0.9595511555671692,0.0,0.0,0.0,0.0
349,349.0,0.17223848402500153,0.7037737965583801,1.0,1.0,1.0,1.0
350,350.0,0.1054193526506424,1.0366824865341187,0.0,0.0,0.0,0.0
351,351.0,0.14480338990688324,0.6360346078872681,1.0,1.0,1.0,1.0
352,352.0,0.09380360692739487,1.5801657438278198,0.7753623188405797,0.8734693877551021,1.0,0.7753623188405797
353,353.0,0.15111586451530457,0.5511540770530701,1.0,1.0,1.0,1.0
354,354.0,0.10911926627159119,1.669212818145752,1.0,1.0,1.0,1.0
355,355.0,0.13953997194766998,0.5431159734725952,1.0,1.0,1.0,1.0
356,356.0,0.10313800722360611,0.586233377456665,0.8188405797101449,0.900398406374502,1.0,0.8188405797101449
357,357.0,0.11994268000125885,0.2899731993675232,1.0,1.0,1.0,1.0
358,358.0,0.0897815078496933,0.3608773350715637,1.0,1.0,1.0,1.0
359,359.0,0.11337999999523163,0.22654299437999725,1.0,1.0,1.0,1.0
360,360.0,0.0909552276134491,0.15255582332611084,1.0,1.0,1.0,1.0
361,361.0,0.07202930003404617,0.2877883017063141,0.8659420289855072,0.8653229498503474,0.8816097341803246,0.8659420289855072
362,362.0,0.11103236675262451,0.38499706983566284,0.8985507246376812,0.8986146800516212,0.9001885131057326,0.8985507246376812
363,363.0,0.07251837849617004,0.24761110544204712,0.7898550724637681,0.7826313405797102,0.8543439920251514,0.7898550724637681
364,364.0,0.10308150947093964,0.37641969323158264,0.8985507246376812,0.8979038298481875,0.9034476550544603,0.8985507246376812
365,365.0,0.07215862721204758,0.22373463213443756,0.8043478260869565,0.7991745576657693,0.8568875706690987,0.8043478260869565
366,366.0,0.09123142063617706,0.2541092038154602,0.8804347826086957,0.8801095312781221,0.8921709972137627,0.8804347826086957
367,367.0,0.05961975082755089,0.5677890181541443,0.4746376811594203,0.30554071858419685,0.2252809283763915,0.4746376811594203
368,368.0,0.11841008812189102,0.6480064392089844,0.8695652173913043,0.8677462384448197,0.8821570835300812,0.8695652173913043
369,369.0,0.4392794966697693,0.4345930218696594,0.4746376811594203,0.30554071858419685,0.2252809283763915,0.4746376811594203
370,370.0,0.3950863480567932,0.49206259846687317,0.9384057971014492,0.9387747204810573,0.9398045798193182,0.9384057971014492
371,371.0,0.43076610565185547,0.6356152892112732,0.782608695652174,0.7874529416106888,0.8673066064370412,0.782608695652174
372,372.0,0.33730241656303406,0.5810545086860657,0.75,0.6974401769945854,0.8187250996015937,0.75
373,373.0,0.3263565003871918,0.7631082534790039,0.34057971014492755,0.17305131218174696,0.11599453896240286,0.34057971014492755
374,374.0,0.6011772155761719,0.7158069610595703,0.6594202898550725,0.5240807543826341,0.4348351186725478,0.6594202898550725
375,375.0,0.55205237865448,0.49266934394836426,0.37318840579710144,0.2395099313332993,0.7793247570971069,0.37318840579710144
376,376.0,0.43601641058921814,0.7183213829994202,0.9420289855072463,0.9424396538700069,0.9438027009222661,0.9420289855072463
377,377.0,0.6433414220809937,0.6139217019081116,0.9311594202898551,0.9312467164904582,0.9313606500035821,0.9311594202898551
378,378.0,0.32562634348869324,0.8020271062850952,0.9420289855072463,0.9420289855072463,0.9420289855072463,0.9420289855072463
379,379.0,0.17413753271102905,0.7311674952507019,0.927536231884058,0.9278884863123994,0.9286594950632916,0.927536231884058
380,380.0,0.32448744773864746,0.41853004693984985,0.6594202898550725,0.5240807543826341,0.4348351186725478,0.6594202898550725
381,381.0,0.3138890266418457,0.4485616385936737,0.9166666666666666,0.9176714545342387,0.9217209690893902,0.9166666666666666
382,382.0,0.30686861276626587,0.2866405248641968,0.7065217391304348,0.6221486652452416,0.7969085799305671,0.7065217391304348
383,383.0,0.21641553938388824,0.2048719823360443,0.894927536231884,0.8973159752330032,0.916933841796777,0.894927536231884
384,384.0,0.33162808418273926,0.3718147277832031,0.9456521739130435,0.9452779274763526,0.945603191314275,0.9456521739130435
385,385.0,0.38946589827537537,0.38237977027893066,0.7644927536231884,0.7691470470298448,0.860769300884149,0.7644927536231884
386,386.0,0.33514752984046936,0.4659292995929718,0.6594202898550725,0.5240807543826341,0.4348351186725478,0.6594202898550725
387,387.0,0.34389805793762207,0.3166533410549164,0.677536231884058,0.677159477366666,0.8343628732082046,0.677536231884058
388,388.0,0.25865882635116577,0.4238833785057068,1.0,1.0,1.0,1.0
389,389.0,0.36227333545684814,0.328215628862381,1.0,1.0,1.0,1.0
390,390.0,0.48443111777305603,0.45071032643318176,1.0,1.0,1.0,1.0
391,391.0,0.2128104269504547,0.3409523069858551,1.0,1.0,1.0,1.0
392,392.0,0.17165200412273407,0.4728480577468872,1.0,1.0,1.0,1.0
393,393.0,0.20063000917434692,0.416808158159256,1.0,1.0,1.0,1.0
394,394.0,0.24686262011528015,0.49529820680618286,1.0,1.0,1.0,1.0
395,395.0,0.2117985486984253,0.3842615485191345,1.0,1.0,1.0,1.0
396,396.0,0.14039351046085358,0.5878093242645264,1.0,1.0,1.0,1.0
397,397.0,0.0829055979847908,0.43532073497772217,1.0,1.0,1.0,1.0
398,398.0,0.1363837867975235,0.6396229863166809,1.0,1.0,1.0,1.0
399,399.0,0.08174199610948563,0.5169541835784912,1.0,1.0,1.0,1.0
400,400.0,0.1356019675731659,0.7032183408737183,1.0,1.0,1.0,1.0
401,401.0,0.08014865964651108,0.6153785586357117,1.0,1.0,1.0,1.0
402,402.0,0.15164965391159058,0.8666362762451172,1.0,1.0,1.0,1.0
403,403.0,0.08744968473911285,0.6705545783042908,1.0,1.0,1.0,1.0
404,404.0,0.1341986507177353,0.37261125445365906,1.0,1.0,1.0,1.0
405,405.0,0.09649679064750671,0.41623926162719727,1.0,1.0,1.0,1.0
406,406.0,0.13378433883190155,0.24357227981090546,0.6304347826086957,0.5829106139004381,0.7799338966880196,0.6304347826086957
407,407.0,0.0957891196012497,0.15524013340473175,0.8876811594202898,0.8876148006582788,0.892814152961488,0.8876811594202898
408,408.0,0.1184246614575386,0.30417582392692566,0.8768115942028986,0.8759278897136797,0.8827019238918552,0.8768115942028986
409,409.0,0.08256202936172485,0.2878956198692322,0.8333333333333334,0.827710843373494,0.8696808510638298,0.8333333333333334
410,410.0,0.12906208634376526,0.37545955181121826,0.8659420289855072,0.8642843816638877,0.8774780060061215,0.8659420289855072
411,411.0,0.07892218977212906,0.309253990650177,0.8695652173913043,0.8676063169873978,0.8845376059733997,0.8695652173913043
412,412.0,0.13215813040733337,0.44162455201148987,0.8768115942028986,0.8759278897136797,0.8827019238918552,0.8768115942028986
413,413.0,0.07827705889940262,0.32128119468688965,0.8297101449275363,0.8232143230950038,0.8716139312542681,0.8297101449275363
414,414.0,0.5971053838729858,0.44319796562194824,0.8913043478260869,0.8913329233695367,0.8914551553317308,0.8913043478260869
415,415.0,0.46513116359710693,0.3499212861061096,0.6014492753623188,0.5887069412500853,0.8163540778630293,0.6014492753623188
416,416.0,0.3595634400844574,0.5073282718658447,0.9601449275362319,0.9601954674418443,0.9602736724106687,0.9601449275362319
417,417.0,0.5340827107429504,0.43271809816360474,0.8297101449275363,0.8341151190966032,0.8864734299516908,0.8297101449275363
418,418.0,0.5220327377319336,0.5044368505477905,0.9528985507246377,0.9530727450012286,0.9534913905714884,0.9528985507246377
419,419.0,0.4552055299282074,0.498568594455719,0.35507246376811596,0.2033047463576514,0.7771206308610401,0.35507246376811596
420,420.0,0.3308362364768982,0.6147727966308594,0.9601449275362319,0.9603836426642135,0.9613017921787267,0.9601449275362319
421,421.0,0.44876107573509216,0.36460790038108826,0.7898550724637681,0.7947125592313041,0.8700419527078567,0.7898550724637681
422,422.0,0.8096734285354614,0.6294432282447815,0.9601449275362319,0.9605501174486039,0.9631223307477524,0.9601449275362319
423,423.0,0.24488957226276398,0.5782195925712585,0.75,0.7543230231484535,0.8558282208588956,0.75
424,424.0,0.23635052144527435,0.7682483792304993,0.9311594202898551,0.9314182023938898,0.9371765010351969,0.9311594202898551
425,425.0,0.42980414628982544,0.5853204131126404,0.9528985507246377,0.9526533065889997,0.9545034211988084,0.9528985507246377
426,426.0,0.1821419596672058,0.30599936842918396,0.6340579710144928,0.5479573072603316,0.7784335371376812,0.6340579710144928
427,427.0,0.40983846783638,0.4709305167198181,0.9456521739130435,0.9454427930675241,0.9464844007495928,0.9456521739130435
428,428.0,0.22313269972801208,0.3532399535179138,0.8333333333333334,0.825172630257376,0.8673127542474277,0.8333333333333334
429,429.0,0.23520861566066742,0.5265635251998901,0.8442028985507246,0.843615541001945,0.8814129728508066,0.8442028985507246
430,430.0,0.11756441742181778,0.23458686470985413,0.6268115942028986,0.5350795476893566,0.7757976631839119,0.6268115942028986
431,431.0,0.3510703444480896,0.18972648680210114,0.927536231884058,0.9266130763015704,0.9340656569969689,0.927536231884058
432,432.0,0.32266342639923096,0.3545997142791748,0.9528985507246377,0.9526533065889997,0.9545034211988084,0.9528985507246377
433,433.0,0.4369223117828369,0.2626468539237976,0.8623188405797102,0.8662670669829069,0.89944412405117,0.8623188405797102
434,434.0,0.46691131591796875,0.4275701940059662,0.6702898550724637,0.5379766732685717,0.44928848981306446,0.6702898550724637
435,435.0,0.2681749761104584,0.29329362511634827,0.927536231884058,0.9255458418490362,0.9311817722979306,0.927536231884058
436,436.0,0.3197503983974457,0.4809594750404358,0.7282608695652174,0.6559245579352505,0.8066471571906355,0.7282608695652174
437,437.0,0.211500883102417,0.3701828122138977,0.9528985507246377,0.9533166535801582,0.9550590876311442,0.9528985507246377
438,438.0,0.15012243390083313,0.4487246870994568,0.8913043478260869,0.884653890160183,0.9064711830131446,0.8913043478260869
439,439.0,0.4736403524875641,0.3785973787307739,0.9565217391304348,0.9568572038507284,0.9581744288830072,0.9565217391304348
440,440.0,0.3739415109157562,0.5023275017738342,0.6702898550724637,0.5379766732685717,0.44928848981306446,0.6702898550724637
441,441.0,0.29082924127578735,0.43210604786872864,0.9384057971014492,0.9393374741200828,0.9446515840916753,0.9384057971014492
442,442.0,0.1621597856283188,0.533641517162323,0.8768115942028986,0.8740875262614394,0.8938707729468598,0.8768115942028986
443,443.0,0.23734809458255768,0.40465158224105835,0.9202898550724637,0.9200183280724977,0.9213221644916654,0.9202898550724637
444,444.0,0.2682691812515259,0.5694434642791748,0.9166666666666666,0.9160136628491059,0.9209664209664209,0.9166666666666666
445,445.0,0.3822435438632965,0.542127788066864,0.7028985507246377,0.6650790271938695,0.7986767485822306,0.7028985507246377
446,446.0,0.18564805388450623,0.7190857529640198,0.9347826086956522,0.9346857237764818,0.9349862539456266,0.9347826086956522
447,447.0,0.3561549782752991,0.5406668782234192,0.9057971014492754,0.9058515168189155,0.9174775998824911,0.9057971014492754
448,448.0,0.23050189018249512,0.7138147354125977,0.9311594202898551,0.9308871274538925,0.9326370921941062,0.9311594202898551
449,449.0,0.3702455163002014,0.6671866774559021,0.8333333333333334,0.8274139844617092,0.8610771113831089,0.8333333333333334
450,450.0,0.5318602323532104,0.3540404438972473,0.8586956521739131,0.85468171066128,0.8812709030100334,0.8586956521739131
451,451.0,0.2795153558254242,0.43535804748535156,1.0,1.0,1.0,1.0
452,452.0,0.38436180353164673,0.3681980073451996,1.0,1.0,1.0,1.0
453,453.0,0.34289947152137756,0.521694540977478,1.0,1.0,1.0,1.0
454,454.0,0.34207049012184143,0.24182549118995667,1.0,1.0,1.0,1.0
455,455.0,0.410634309053421,0.19600601494312286,1.0,1.0,1.0,1.0
456,456.0,0.2294856756925583,0.3198162019252777,1.0,1.0,1.0,1.0
457,457.0,0.5357828736305237,0.3563246726989746,1.0,1.0,1.0,1.0
458,458.0,0.3370901048183441,0.4089697301387787,1.0,1.0,1.0,1.0
459,459.0,0.12822690606117249,0.3633323311805725,1.0,1.0,1.0,1.0
460,460.0,0.1871323585510254,0.46944189071655273,1.0,1.0,1.0,1.0
461,461.0,0.1222645565867424,0.3944498896598816,1.0,1.0,1.0,1.0
462,462.0,0.19322405755519867,0.47558704018592834,1.0,1.0,1.0,1.0
463,463.0,0.12483178824186325,0.3917069435119629,1.0,1.0,1.0,1.0
464,464.0,0.18761540949344635,0.5450906753540039,1.0,1.0,1.0,1.0
465,465.0,0.11967666447162628,0.47393935918807983,1.0,1.0,1.0,1.0
466,466.0,0.21075257658958435,0.5488895773887634,1.0,1.0,1.0,1.0
467,467.0,0.11039666086435318,0.4201873540878296,1.0,1.0,1.0,1.0
468,468.0,0.16078172624111176,0.5828402638435364,1.0,1.0,1.0,1.0
469,469.0,0.09367181360721588,0.4772014319896698,0.8405797101449275,0.8397834050007964,0.8718017534442655,0.8405797101449275
470,470.0,0.1540607511997223,0.6530700922012329,0.6956521739130435,0.6528090284091989,0.7939604678735114,0.6956521739130435
471,471.0,0.09870442003011703,0.5446686744689941,0.7753623188405797,0.7696232254322062,0.8450693131695021,0.7753623188405797
472,472.0,0.172077015042305,0.763014554977417,0.7065217391304348,0.6681950479639904,0.7992889558106948,0.7065217391304348
473,473.0,0.1087312251329422,0.5318414568901062,0.9094202898550725,0.9095579908434351,0.9102944177333893,0.9094202898550725
474,474.0,0.18217985332012177,0.7897104024887085,0.717391304347826,0.6832153690596562,0.8046497584541062,0.717391304347826
475,475.0,0.09503155201673508,0.6818991303443909,0.7536231884057971,0.7446371214735905,0.8408816425120773,0.7536231884057971
476,476.0,0.1552794873714447,0.3810660243034363,0.6956521739130435,0.6528090284091989,0.7939604678735114,0.6956521739130435
477,477.0,0.38349199295043945,0.4640076458454132,0.855072463768116,0.8549583056499896,0.8753212812371757,0.855072463768116
478,478.0,0.48748695850372314,0.24706532061100006,0.9239130434782609,0.9239340214094772,0.925143861892583,0.9239130434782609
479,479.0,0.37692201137542725,0.19978013634681702,0.7971014492753623,0.7900441083805922,0.8572195383789587,0.7971014492753623
480,480.0,0.47714781761169434,0.5130203366279602,0.7463768115942029,0.7316995437466453,0.8338330834582709,0.7463768115942029
481,481.0,0.34329167008399963,0.47238755226135254,0.9239130434782609,0.9237937299222357,0.9248711755233494,0.9239130434782609
482,482.0,0.5123149752616882,0.2688252925872803,0.7934782608695652,0.7859982800790717,0.8554347826086957,0.7934782608695652
483,483.0,0.2693660259246826,0.3902851343154907,0.7355072463768116,0.7136571016366413,0.8179082941194461,0.7355072463768116
484,484.0,0.4463290274143219,0.3346923887729645,0.9239130434782609,0.9239340214094772,0.925143861892583,0.9239130434782609
485,485.0,0.22839002311229706,0.4295503497123718,0.927536231884058,0.9275133582198798,0.9275881143397767,0.927536231884058
486,486.0,0.6316190958023071,0.41152065992355347,0.8115942028985508,0.8065414836027598,0.860133303698935,0.8115942028985508
487,487.0,0.30551400780677795,0.502740740776062,0.9130434782608695,0.9121600302896447,0.9193840579710145,0.9130434782608695
488,488.0,0.4393253028392792,0.4369847774505615,0.7898550724637681,0.7843311348857696,0.8560964083175804,0.7898550724637681
489,489.0,0.3860035538673401,0.5859872102737427,0.9311594202898551,0.9312889373461596,0.9343762057951227,0.9311594202898551
490,490.0,0.4098462164402008,0.4761410355567932,0.9311594202898551,0.9311366407833925,0.9311384969766772,0.9311594202898551
491,491.0,0.41302743554115295,0.6800909042358398,0.9384057971014492,0.9385023842658506,0.9398073322558449,0.9384057971014492
492,492.0,0.3854653537273407,0.5617190599441528,0.8369565217391305,0.8349221111369448,0.879862700228833,0.8369565217391305
493,493.0,0.3750070631504059,0.7463359832763672,0.9456521739130435,0.9456686980316469,0.9457101893485959,0.9456521739130435
494,494.0,0.21858549118041992,0.6564732789993286,0.8333333333333334,0.8311050044918882,0.877906976744186,0.8333333333333334
495,495.0,0.19845783710479736,0.8858736157417297,0.9420289855072463,0.9420626842420887,0.9421957623384254,0.9420289855072463
496,496.0,0.5424996018409729,0.6447292566299438,0.855072463768116,0.8522473655959544,0.8710762749082572,0.855072463768116
497,497.0,0.3254101276397705,0.933628261089325,0.9130434782608695,0.9131258234519104,0.9140713331277623,0.9130434782608695
498,498.0,0.3796732723712921,0.8024494647979736,0.8152173913043478,0.8110756739573398,0.8675724637681159,0.8152173913043478
499,499.0,0.34894275665283203,1.0771695375442505,0.5942028985507246,0.4945267092481157,0.7696827262044654,0.5942028985507246
500,500.0,0.6215576529502869,0.8952652812004089,0.7608695652173914,0.7438710706559127,0.8229525350157886,0.7608695652173914
501,501.0,0.22668564319610596,1.1236430406570435,0.9202898550724637,0.9202477783490013,0.9203028750381983,0.9202898550724637
502,502.0,0.25198855996131897,0.9836181402206421,0.8152173913043478,0.8110756739573398,0.8675724637681159,0.8152173913043478
503,503.0,0.21867957711219788,0.35023996233940125,0.782608695652174,0.7698665518725785,0.8350208457415128,0.782608695652174
504,504.0,0.4183022081851959,0.6763787865638733,0.8043478260869565,0.7957175547564564,0.8433915520872043,0.8043478260869565
505,505.0,0.3717879056930542,0.26767677068710327,0.5688405797101449,0.4403314063724866,0.760288232749297,0.5688405797101449
506,506.0,0.422432005405426,0.2128143012523651,0.5688405797101449,0.4403314063724866,0.760288232749297,0.5688405797101449
507,507.0,0.3515268862247467,0.6427788734436035,0.8876811594202898,0.8874820413065648,0.9044992486724489,0.8876811594202898
508,508.0,0.3280912935733795,0.5059528350830078,0.5905797101449275,0.48280406310278623,0.7671617435557031,0.5905797101449275
509,509.0,0.5144230127334595,0.3009319603443146,0.9057971014492754,0.9057971014492754,0.917381041551306,0.9057971014492754
510,510.0,0.2812986373901367,0.44148218631744385,0.5978260869565217,0.4963113319124799,0.7695234113712374,0.5978260869565217
511,511.0,0.43083488941192627,0.36854204535484314,0.8079710144927537,0.7992508576629559,0.8450264344868382,0.8079710144927537
512,512.0,0.696719765663147,0.4277707040309906,0.6014492753623188,0.5029512408828266,0.7707179228918359,0.6014492753623188
513,513.0,0.33061903715133667,0.5895994901657104,0.855072463768116,0.851654025567069,0.8732509871845118,0.855072463768116
514,514.0,0.3281154930591583,0.5931259989738464,0.967391304347826,0.9673733574182101,0.9673813714010596,0.967391304347826
515,515.0,0.4732286036014557,0.5724103450775146,0.9637681159420289,0.9637272155729908,0.9637899800099952,0.9637681159420289
516,516.0,0.2328619658946991,0.6375085711479187,0.9637681159420289,0.9637272155729908,0.9637899800099952,0.9637681159420289
517,517.0,0.6709793210029602,0.6482949256896973,0.7608695652173914,0.7554344946731932,0.8466446124763705,0.7608695652173914
518,518.0,0.5353125333786011,0.7203494310379028,0.9637681159420289,0.9636822213893053,0.9640129577836162,0.9637681159420289
519,519.0,0.27862727642059326,0.785080075263977,0.9601449275362319,0.960023993343782,0.9605530993122257,0.9601449275362319
520,520.0,0.18318906426429749,0.7826913595199585,0.6231884057971014,0.5214003387916432,0.7727624737249695,0.6231884057971014
521,521.0,0.903488039970398,0.9562167525291443,0.9637681159420289,0.9637681159420289,0.9637681159420289,0.9637681159420289
522,522.0,0.17457669973373413,0.9030025601387024,0.9637681159420289,0.9636822213893053,0.9640129577836162,0.9637681159420289
523,523.0,0.14342673122882843,0.7754901051521301,0.9311594202898551,0.9275487175356277,0.937051181616399,0.9311594202898551
524,524.0,0.2219938188791275,0.9883990287780762,0.7355072463768116,0.6234153278266922,0.5409709094727998,0.7355072463768116
525,525.0,0.32069870829582214,0.9232011437416077,0.9420289855072463,0.9395605150396001,0.9462643107669911,0.9420289855072463
526,526.0,0.3087143301963806,1.1213799715042114,0.9782608695652174,0.9782608695652174,0.9782608695652174,0.9782608695652174
527,527.0,0.17447814345359802,1.0306445360183716,0.9130434782608695,0.9069170713918678,0.9222371193257995,0.9130434782608695
528,528.0,0.43729814887046814,0.3675105571746826,0.7355072463768116,0.6234153278266922,0.5409709094727998,0.7355072463768116
529,529.0,0.26585492491722107,0.6379985213279724,0.9637681159420289,0.9642114797864225,0.9657488450403083,0.9637681159420289
530,530.0,0.16555392742156982,0.26282694935798645,0.7355072463768116,0.6234153278266922,0.5409709094727998,0.7355072463768116
531,531.0,0.1760181337594986,0.1438734233379364,0.7355072463768116,0.6234153278266922,0.5409709094727998,0.7355072463768116
532,532.0,0.15008875727653503,0.19192254543304443,1.0,1.0,1.0,1.0
533,533.0,0.14089496433734894,0.18296687304973602,1.0,1.0,1.0,1.0
534,534.0,0.15053671598434448,0.21696308255195618,1.0,1.0,1.0,1.0
535,535.0,0.13676698505878448,0.3665432929992676,1.0,1.0,1.0,1.0
536,536.0,0.09980115294456482,0.5570785403251648,1.0,1.0,1.0,1.0
537,537.0,0.22618135809898376,0.5840969681739807,1.0,1.0,1.0,1.0
538,538.0,0.20816293358802795,0.43338680267333984,1.0,1.0,1.0,1.0
539,539.0,0.10625308752059937,0.5140671133995056,1.0,1.0,1.0,1.0
540,540.0,0.13505329191684723,0.5590875744819641,1.0,1.0,1.0,1.0
541,541.0,0.2442355901002884,0.6019482016563416,0.5905797101449275,0.48280406310278623,0.7671617435557031,0.5905797101449275
542,542.0,0.1341504007577896,0.6381528377532959,0.8985507246376812,0.897405514304612,0.9061325113586546,0.8985507246376812
543,543.0,0.26576870679855347,0.7274655103683472,0.8913043478260869,0.889684039967594,0.9023428826582275,0.8913043478260869
544,544.0,0.14625975489616394,0.6126356720924377,0.9239130434782609,0.9237768983812996,0.9242543806870251,0.9239130434782609
545,545.0,0.26104027032852173,0.7665482759475708,0.9130434782608695,0.9123360227502798,0.9179812223290484,0.9130434782608695
546,546.0,0.14083091914653778,0.7417311072349548,0.7065217391304348,0.6872283543213605,0.8208089464882943,0.7065217391304348
547,547.0,0.26446062326431274,0.8466623425483704,0.6231884057971014,0.5413021847285313,0.778083290370625,0.6231884057971014
548,548.0,0.1425521969795227,0.8660886883735657,0.6231884057971014,0.5769197702594304,0.7928351841395319,0.6231884057971014
549,549.0,0.25121045112609863,0.9846324920654297,0.6231884057971014,0.5413021847285313,0.778083290370625,0.6231884057971014
550,550.0,0.2674974203109741,0.8365646600723267,0.4384057971014493,0.29450850763843595,0.7620009697753354,0.4384057971014493
551,551.0,0.37464639544487,1.0210685729980469,0.7246376811594203,0.6819565217391305,0.8125685056631348,0.7246376811594203
552,552.0,0.34165409207344055,0.880580723285675,0.4384057971014493,0.29450850763843595,0.7620009697753354,0.4384057971014493
553,553.0,0.4319401979446411,1.0327816009521484,0.9202898550724637,0.9208819295785043,0.931135809013719,0.9202898550724637
554,554.0,0.5596352219581604,1.0915393829345703,0.9202898550724637,0.9200641948189668,0.9202390590028096,0.9202898550724637
555,555.0,0.4012400805950165,0.3206775188446045,0.7681159420289855,0.743435105594715,0.8269753344481606,0.7681159420289855
556,556.0,0.36774685978889465,0.6334329843521118,0.9166666666666666,0.9167196182081199,0.9167971914663786,0.9166666666666666
557,557.0,0.37047523260116577,0.24451875686645508,0.5869565217391305,0.43418701608100063,0.3445179584120983,0.5869565217391305
558,558.0,0.48230719566345215,0.23107832670211792,0.9021739130434783,0.9029174983806364,0.9184557146412352,0.9021739130434783
559,559.0,0.4030507504940033,0.8651952743530273,0.927536231884058,0.9276262489873076,0.9278157796101948,0.927536231884058
560,560.0,0.434012234210968,0.4709946811199188,0.5869565217391305,0.43418701608100063,0.3445179584120983,0.5869565217391305
561,561.0,0.37906381487846375,0.7271265983581543,0.9239130434782609,0.9244146355445075,0.9303873217638926,0.9239130434782609
562,562.0,0.24956725537776947,0.4236651062965393,0.5869565217391305,0.43418701608100063,0.3445179584120983,0.5869565217391305
563,563.0,0.2115887850522995,0.9819726943969727,0.9166666666666666,0.9172761664564941,0.9265734265734266,0.9166666666666666
564,564.0,0.20342984795570374,0.5140035152435303,0.9166666666666666,0.9157546063073632,0.9191796322489391,0.9166666666666666
565,565.0,0.20958954095840454,1.1734228134155273,0.4166666666666667,0.24929424196066682,0.7581818181818182,0.4166666666666667
566,566.0,0.2942264974117279,0.581262469291687,0.9130434782608695,0.9113906821186901,0.920261052545974,0.9130434782608695
567,0.0,0.0,0.0,0.0,0.0,0.0,0.0
