,Truth,Prediction
0,29.407999,29.675663
1,29.402,29.67209
2,29.391998,29.668037
3,29.398,29.662628
4,29.386,29.659864
5,29.374,29.655592
6,29.364,29.64932
7,29.367998,29.641985
8,29.355999,29.637413
9,29.35,29.63187
10,29.348,29.62623
11,29.348,29.621668
12,29.334,29.618622
13,29.333332,29.613417
14,29.336,29.609037
15,29.321999,29.606699
16,29.324,29.602123
17,29.329998,29.598814
18,29.331999,29.59814
19,29.334,29.59871
20,29.326,29.59987
21,29.316,29.598927
22,29.314,29.595404
23,29.304,29.591824
24,29.3,29.586847
25,29.297998,29.582005
26,29.288,29.578066
27,29.289999,29.573044
28,29.286,29.569662
29,29.276,29.566635
30,29.266,29.562145
31,29.268,29.556206
32,29.266,29.552082
33,29.268,29.549036
34,29.258001,29.547554
35,29.254,29.544447
36,29.251999,29.540897
37,29.251999,29.537767
38,29.242,29.535604
39,29.242,29.531874
40,29.251999,29.528841
41,29.244,29.529194
42,29.244,29.528284
43,29.244,29.527353
44,29.242,29.52668
45,29.235998,29.525772
46,29.22,29.523636
47,29.226,29.518015
48,29.227999,29.514627
49,29.223999,29.51316
50,29.22,29.511564
51,29.226,29.509438
52,29.216,29.509218
53,29.218,29.507093
54,29.218,29.50562
55,29.211998,29.504704
56,29.210001,29.502731
57,29.206,29.500605
58,29.211998,29.498085
59,29.210001,29.497616
60,29.211998,29.497252
61,29.226,29.497486
62,29.232,29.501127
63,29.244,29.505928
64,29.25,29.512503
65,29.258001,29.519056
66,29.27,29.525686
67,29.289999,29.533339
68,29.272,29.543846
69,29.297998,29.547754
70,29.304,29.555319
71,29.297998,29.563004
72,29.352,29.567137
73,29.402,29.58221
74,29.468,29.607393
75,29.48,29.64348
76,30.5225,29.674738
77,30.5225,29.944492
78,30.5225,30.171516
79,30.5225,30.291456
80,30.5225,30.344364
81,29.178,30.375677
82,27.972,30.225212
83,27.109999,29.683136
84,26.282001,28.933592
85,25.487999,28.053621
86,24.883999,27.175491
87,24.392,26.364141
88,24.164,25.648317
89,23.626001,25.085949
90,23.460001,24.52979
91,23.36,24.066065
92,23.194,23.725163
93,22.838001,23.451756
94,22.731998,23.13884
95,22.61,22.872112
96,22.454,22.648659
97,22.317999,22.443968
98,22.265999,22.254305
99,22.306,22.103405
100,22.522,22.017046
101,22.282,22.04303
102,22.234,22.004112
103,21.967999,21.945585
104,21.93,21.808067
105,22.171999,21.678822
106,21.934,21.670532
107,21.83,21.6096
108,21.864,21.51857
109,21.832,21.458153
110,21.808,21.41044
111,21.776,21.370674
112,21.76,21.332827
113,21.72,21.300503
114,21.547998,21.264687
115,21.390001,21.17933
116,21.27,21.052927
117,21.402,20.911957
118,21.464,20.852524
119,21.132,20.848734
120,20.968,20.744526
121,21.2,20.591377
122,21.296001,20.54994
123,21.328,20.577452
124,21.133999,20.623262
125,20.802,20.59377
126,20.622,20.44233
127,20.86,20.245039
128,21.657999,20.174654
129,22.634,20.425121
130,24.06,21.009712
131,24.356,21.991377
132,24.616,22.886076
133,24.876,23.593027
134,25.314,24.12711
135,25.387999,24.622217
136,25.658,24.977772
137,25.962,25.278807
138,26.274,25.577057
139,26.35,25.883818
140,26.556,26.129187
141,26.754,26.35342
142,26.722,26.568789
143,26.1,26.712349
144,25.42,26.615486
145,24.2,26.291523
146,23.374,25.646408
147,22.678,24.8661
148,22.33,23.998476
149,21.824,23.241945
150,21.534,22.532612
151,21.294,21.939257
152,21.308,21.455265
153,21.273998,21.135632
154,20.914001,20.929804
155,20.854,20.683144
156,20.734001,20.476162
157,20.646,20.294958
158,20.566,20.140162
159,20.328001,20.0074
160,20.216,19.835215
161,20.18,19.66441
162,20.178,19.529491
163,20.288,19.439663
164,20.26,19.422585
165,19.916,19.416626
166,19.887999,19.296835
167,19.88,19.176176
168,19.906,19.085709
169,19.83,19.036327
170,19.854,18.983452
171,19.798,18.953003
172,19.706001,18.916552
173,19.74,18.857119
174,19.676,18.821184
175,19.582,18.778223
176,19.586,18.713125
177,19.534,18.662838
178,19.473999,18.611862
179,19.473999,18.554298
180,19.5,18.51143
181,19.504002,18.49284
182,19.484,18.486143
183,19.49,18.476994
184,19.435999,18.471947
185,19.388,18.450466
186,19.302,18.414774
187,19.288,18.356106
188,19.244,18.304062
189,19.238,18.252815
190,20.067999,18.21404
191,20.334,18.477259
192,19.910002,18.824873
193,19.674,18.945915
194,19.473999,18.901505
195,19.356,18.76403
196,19.27,18.603899
197,19.205002,18.453932
198,19.626,18.32573
199,19.626,18.384571
200,19.626,18.467701
201,19.626,18.532734
202,19.626,18.575567
203,19.334,18.60153
204,19.098,18.514803
205,18.854,18.345875
206,18.82,18.12186
207,18.822,17.93697
208,18.718,17.813282
209,18.7,17.70154
210,18.75,17.617535
211,18.666,17.580553
212,18.633999,17.53488
213,18.668,17.489067
214,18.751999,17.467907
215,18.716,17.487257
216,18.630001,17.49749
217,18.612,17.47306
218,18.655998,17.441715
219,18.55,17.433004
220,18.542,17.394829
221,18.514,17.358156
222,18.526,17.322424
223,18.556,17.301096
224,18.52,17.299303
225,19.300001,17.289797
226,20.254,17.552286
227,20.836,18.131786
228,21.504,18.819822
229,22.226,19.563225
230,22.553999,20.357258
231,23.062,21.052654
232,23.254,21.70547
233,23.544,22.231829
234,23.807999,22.682281
235,24.324,23.080292
236,24.194,23.528488
237,24.366001,23.805628
238,24.508,24.02787
239,24.642,24.221684
240,24.755999,24.398256
241,24.852,24.558504
242,24.956,24.701294
243,25.44,24.831524
244,25.136,25.060541
245,25.222,25.158806
246,25.296,25.226425
247,25.368,25.29033
248,25.442,25.356869
249,25.516,25.42721
250,25.602,25.500746
251,25.664,25.579851
252,25.720001,25.656414
253,25.767998,25.727592
254,25.83,25.791893
255,25.88,25.855074
256,26.81,26.973604
257,26.819998,26.984634
258,26.842001,26.995668
259,26.867998,27.01013
260,26.883999,27.028997
261,26.886,27.048288
262,26.904001,27.062868
263,26.921999,27.077665
264,26.948,27.093699
265,26.963999,27.11322
266,26.98,27.132784
267,26.994,27.151627
268,26.998001,27.169184
269,27.066666,27.182732
270,27.32,27.211939
271,27.52,27.311401
272,27.76,27.45764
273,27.262001,27.644236
274,27.118,27.640158
275,27.130001,27.552776
276,27.136,27.47514
277,27.152,27.423136
278,27.162,27.396023
279,27.176,27.384892
280,27.184,27.38452
281,27.184,27.388971
282,27.182,27.393234
283,27.208,27.395655
284,27.224,27.404625
285,27.225998,27.417238
286,27.238,27.427675
287,27.234,27.438429
288,27.24,27.445045
289,27.249998,27.450657
290,27.272,27.457443
291,27.284,27.469095
292,27.294,27.482111
293,27.296,27.494741
294,27.292,27.504347
295,27.303999,27.509422
296,27.310001,27.515638
297,27.318,27.522135
298,27.324,27.529243
299,27.324,27.536274
300,27.338,27.541323
301,27.348,27.548668
302,27.344,27.557423
303,27.352,27.56285
304,27.359999,27.568398
305,27.364,27.574785
306,27.366,27.580755
307,27.380001,27.585558
308,27.392,27.592903
309,27.4,27.602303
310,27.414,27.61189
311,27.416,27.62298
312,27.428,27.631891
313,27.435999,27.641386
314,27.45,27.650715
315,27.446,27.661547
316,27.452,27.668491
317,27.446,27.674421
318,27.466002,27.676691
319,27.474,27.683445
320,27.488,27.691658
321,27.491999,27.702038
322,27.489998,27.711168
323,27.598,27.716883
324,27.717999,27.7522
325,27.814,27.819643
326,27.86,27.903664
327,27.897999,27.981434
328,27.946,28.047321
329,28.18,28.10639
330,28.137999,28.216642
331,28.48,28.294893
332,28.619999,28.445333
333,28.277998,28.610935
334,28.15,28.632488
335,28.122,28.578571
336,27.768,28.514925
337,27.066,28.362226
338,26.138,28.024927
339,25.314,27.466578
340,24.633999,26.771618
341,24.168,26.039354
342,23.668,25.365421
343,23.382,24.736778
344,23.35,24.168772
345,22.863998,23.773363
346,22.599998,23.363138
347,22.317999,22.96352
348,22.192001,22.585249
349,22.550001,22.274488
350,21.935999,22.188263
351,21.878,21.965206
352,21.696,21.755014
353,21.594,21.544374
354,21.496,21.357832
355,21.344,21.195332
356,21.345999,21.031652
357,21.352,20.914299
358,21.117998,20.841993
359,20.848,20.719778
360,20.818,20.528412
361,20.651999,20.365362
362,20.581999,20.19735
363,20.533998,20.051239
364,20.588,19.934664
365,20.552,19.875664
366,20.708,19.833496
367,21.236,19.860275
368,20.772,20.075508
369,20.486,20.112669
370,20.237999,20.002428
371,20.48,19.805933
372,20.24,19.728706
373,19.902,19.61703
374,19.866,19.413256
375,19.779999,19.23421
376,19.803999,19.080235
377,19.734,18.98305
378,19.491999,18.901361
379,19.594,18.761911
380,19.466002,18.68441
381,19.428,18.59758
382,19.4,18.520092
383,19.699999,18.456703
384,20.78,18.518469
385,21.561998,18.965263
386,22.358,19.634764
387,22.942,20.437853
388,23.454,21.245249
389,24.03,22.002565
390,24.369999,22.733784
391,24.716002,23.370775
392,25.199999,23.903141
393,25.298,24.42288
394,25.536,24.824745
395,25.75,25.139204
396,25.984,25.416847
397,26.244,25.678055
398,26.305998,25.939407
399,25.416,26.14599
400,24.844,26.018873
401,23.322,25.684437
402,22.534,24.946257
403,22.174,24.02511
404,21.722,23.194752
405,21.462,22.44742
406,21.392,21.845098
407,20.942,21.419321
408,20.814,20.997223
409,20.642,20.650322
410,20.460001,20.35813
411,20.456,20.097385
412,20.392,19.91525
413,20.312,19.779703
414,20.31,19.664978
415,20.605999,19.586662
416,21.24,19.639727
417,21.314,19.923822
418,20.906,20.2042
419,20.644,20.265375
420,20.404,20.171703
421,20.26,19.988382
422,20.25,19.787535
423,20.226,19.635796
424,20.11,19.529146
425,20.066002,19.422464
426,19.957998,19.330626
427,19.87,19.230783
428,19.836,19.12666
429,19.812,19.038324
430,19.778,18.969948
431,19.712,18.913372
432,19.742,18.852455
433,19.712,18.818144
434,19.676,18.788889
435,19.642,18.756454
436,19.52,18.720598
437,19.529999,18.651684
438,19.458,18.59842
439,19.402,18.538511
440,19.296,18.474545
441,19.255999,18.390837
442,19.254,18.312433
443,19.296,18.256517
444,19.042,18.235811
445,19.14,18.140347
446,18.892,18.089418
447,18.794,17.976358
448,18.818,17.847445
449,18.814,17.759644
450,18.714,17.704115
451,18.78,17.636442
452,18.724,17.60808
453,18.686,17.576809
454,18.686,17.5405
455,18.594,17.51329
456,18.608,17.463734
457,18.556,17.428076
458,18.476002,17.387482
459,18.380001,17.32935
460,18.345999,17.250452
461,18.398,17.17738
462,18.284,17.144156
463,18.304,17.08934
464,18.198,17.05219
465,18.544,16.992464
466,18.278,17.064842
467,18.76,17.053272
468,18.204,17.194098
469,18.24,17.13544
470,18.22,17.062233
471,18.022,16.999525
472,18.074,16.887941
473,18.07,16.815136
474,18.206,16.769854
475,17.912,16.790524
476,17.924,16.717636
477,17.794,16.64897
478,17.86,16.555395
479,17.808,16.505495
480,17.816,16.461195
481,17.78,16.43315
482,17.786,16.404251
483,17.64,16.385284
484,17.556,16.32309
485,17.48,16.239819
486,17.906,16.148909
487,18.824,16.2299
488,19.622002,16.644506
489,20.422,17.292719
490,21.057999,18.087652
491,21.372,18.912312
492,21.756,19.613033
493,22.166,20.223314
494,22.334,20.783365
495,22.588001,21.233036
496,22.824,21.619516
497,23.258,21.964735
498,23.236,22.35277
499,23.401999,22.633938
500,23.566,22.869612
501,23.708,23.085218
502,23.812,23.284506
503,23.934,23.459837
504,24.338,23.614462
505,24.284,23.853773
506,24.206,24.027134
507,24.286,24.112127
508,24.356,24.179922
509,24.45,24.247627
510,24.528,24.326782
511,24.6,24.411463
512,25.826,25.91596
513,25.83,25.932957
514,25.838,25.946218
515,25.855999,25.957321
516,25.874,25.97018
517,25.89,25.985163
518,25.900002,26.001156
519,25.915998,26.015863
520,25.928,26.030912
521,25.938,26.045383
522,25.956,26.058645
523,25.985998,26.073261
524,25.994,26.092976
525,26.133333,26.110666
526,26.425001,26.164251
527,27.5525,26.29714
528,27.5525,26.744059
529,27.5525,27.134851
530,27.5525,27.404016
531,27.5525,27.571268
532,27.123999,27.669441
533,26.732,27.598232
534,26.544,27.39373
535,26.434,27.161526
536,26.38,26.955606
537,26.344,26.797024
538,26.317999,26.682486
539,26.316,26.601875
540,26.312,26.550581
541,26.312,26.518593
542,26.317999,26.499905
543,26.324,26.49113
544,26.321999,26.48876
545,26.326,26.487865
546,26.336,26.48884
547,26.35,26.492973
548,26.364,26.500795
549,26.369999,26.511396
550,26.376,26.52142
551,26.383999,26.530294
552,26.391998,26.538809
553,26.391998,26.547232
554,26.4,26.55328
555,26.418,26.559488
556,26.428,26.569323
557,26.422,26.580168
558,26.415998,26.586422
559,26.42,26.588142
560,26.425999,26.589575
561,26.43,26.592318
562,26.436,26.59576
563,26.452,26.600174
564,26.468,26.608307
565,26.485998,26.619715
566,26.492,26.633986
567,26.508,26.646667
568,26.515999,26.660192
569,26.538,26.672487
570,26.552,26.687593
571,26.556,26.703238
572,26.65,26.715813
573,26.668,26.752037
574,26.665998,26.78865
575,26.668,26.814514
576,26.694,26.83138
577,26.708,26.849258
578,26.710001,26.866505
579,26.710001,26.87938
580,26.708,26.887695
581,26.698,26.892092
582,26.703999,26.89144
583,26.724,26.891634
584,26.746,26.897886
585,26.77,26.910229
586,26.792,26.927542
587,26.838,26.947618
588,26.9,26.976315
589,26.972,27.017235
590,27.279999,27.070702
591,27.078,27.203142
592,26.404,27.25608
593,25.644,27.077168
594,24.146,26.672224
595,23.366,25.886587
596,22.586,25.005693
597,22.246,24.053911
598,21.74,23.232746
599,21.369999,22.482277
600,21.237999,21.837751
601,21.0,21.35178
602,20.776,20.955114
603,20.612,20.61237
604,20.548,20.3212
605,20.334,20.101097
606,20.136002,19.885077
607,20.264,19.662794
608,20.258,19.545696
609,19.838001,19.4824
610,19.878,19.304806
611,19.81,19.16573
612,19.712,19.049532
613,19.758,18.937292
614,19.718,18.873415
615,19.736,18.824177
616,19.779999,18.798244
617,19.752,18.799982
618,19.772,18.797537
619,19.772,18.801865
620,19.674,18.80649
621,19.518,18.775759
622,19.564,18.691763
623,19.534,18.635853
624,19.522,18.591293
625,19.604,18.55757
626,19.666,18.564194
627,19.56,18.599272
628,19.515999,18.593884
629,19.481998,18.565874
630,19.548,18.528984
631,19.529999,18.523466
632,19.448,18.520079
633,19.378,18.48961
634,19.37,18.4375
635,19.336,18.392561
636,19.32,18.349964
637,19.344,18.314293
638,19.332,18.298492
639,19.748,18.287262
640,20.708,18.424715
641,21.6,18.889536
642,22.494,19.59787
643,23.0,20.4662
644,23.394,21.299812
645,23.804,22.027063
646,24.354,22.667606
647,24.515999,23.297886
648,24.822,23.787205
649,25.14,24.206753
650,25.33,24.59851
651,25.56,24.92468
652,25.766,25.204906
653,25.898,25.461319
654,26.16,25.679722
655,25.344,25.90623
656,24.626,25.829153
657,23.478,25.494053
658,22.526001,24.855333
659,22.015999,23.975012
660,21.356,23.113857
661,21.156,22.25772
662,20.723999,21.580044
663,20.49,20.983242
664,20.982,20.491184
665,21.232,20.328478
666,21.48,20.368961
667,21.446,20.527384
668,21.402,20.65544
669,21.292,20.726154
670,21.224,20.726952
671,21.15,20.689219
672,21.251999,20.628447
673,21.071999,20.614658
674,20.98,20.553484
675,20.987999,20.467543
676,20.891998,20.40314
677,20.874,20.32862
678,20.855999,20.266436
679,20.814,20.218197
680,20.759998,20.172096
681,20.766,20.120922
682,20.727999,20.085052
683,20.689999,20.049591
684,20.651999,20.011147
685,20.586,19.96982
686,20.526,19.916792
687,20.53,19.855589
688,20.543999,19.811132
689,20.538,19.787584
690,20.54,19.77318
691,20.516,19.765486
692,20.449999,19.753195
693,20.358,19.720737
694,20.401999,19.661463
695,20.382,19.628017
696,20.34,19.602758
697,20.346,19.57198
698,19.994001,19.550686
699,18.976,19.41683
700,18.460001,18.943876
701,18.272001,18.347786
702,18.324,17.827742
703,19.238,17.488462
704,19.39,17.60146
705,18.78,17.834137
706,18.574,17.815529
707,18.364,17.675756
708,18.208,17.47588
709,18.316,17.264872
710,17.963999,17.148266
711,17.912,16.962673
712,17.91,16.796202
713,17.82,16.680252
714,17.890001,16.57664
715,17.874,16.529129
716,17.869999,16.501596
717,17.83,16.484476
718,17.789999,16.460608
719,17.76,16.428278
720,17.714,16.39275
721,17.664,16.350563
722,17.684,16.301424
723,17.704,16.271473
724,17.654,16.261192
725,17.642,16.24068
726,17.626,16.21952
727,17.68,16.198637
728,17.69,16.20241
729,17.666,16.213985
730,17.63,16.215668
731,17.556,16.202219
732,17.501999,16.16355
733,17.47,16.11149
734,17.43,16.060038
735,17.4,16.009287
736,17.338,15.962513
737,17.33,15.908201
738,17.342,15.864744
739,17.36,15.840034
740,17.46,15.832606
741,18.244,15.865752
742,19.112,16.17081
743,19.599998,16.751015
744,20.292002,17.397772
745,20.657999,18.117785
746,21.114,18.77875
747,21.468,19.394705
748,21.782,19.9487
749,22.276001,20.44201
750,22.348001,20.95298
751,22.575998,21.349277
752,22.769999,21.687487
753,22.984,21.98466
754,23.338,22.26282
755,23.254,22.579826
756,23.382,22.787601
757,23.508001,22.957027
758,23.644,23.113588
759,23.756,23.269997
760,23.855999,23.420784
761,23.939999,23.557402
762,24.34,23.679216
763,24.418,23.893793
764,24.179998,24.09391
765,24.256,24.157587
766,24.318,24.198181
767,24.381998,24.24244
768,25.421999,25.480839
769,25.444,25.500498
770,25.457998,25.520918
771,25.476,25.539938
772,25.495998,25.558668
773,25.519999,25.578024
774,25.536,25.599215
775,25.552,25.619623
776,25.565998,25.638895
777,25.567999,25.656672
778,25.594,25.669744
779,25.602,25.685831
780,25.613998,25.700455
781,25.616667,25.714218
782,25.632,25.724733
783,25.642,25.73614
784,25.648,25.747513
785,25.661999,25.757475
786,25.661999,25.768488
787,25.668,25.77665
788,25.678,25.78368
789,25.682001,25.791456
790,25.699999,25.798409
791,25.706,25.80857
792,25.713999,25.818369
793,25.73,25.827717
794,25.737999,25.839094
795,25.748,25.850105
796,25.762,25.860918
797,25.769999,25.872812
798,25.779999,25.88399
799,25.783998,25.894842
800,25.791998,25.90378
801,25.807999,25.912165
802,25.822,25.922827
803,25.83,25.935156
804,25.848,25.94677
805,25.858,25.960314
806,25.862,25.973455
807,25.874,25.984016
808,25.89,25.994616
809,25.906,26.006998
810,25.92,26.021051
811,25.935999,26.035686
812,25.942,26.051098
813,25.949999,26.06415
814,25.958,26.0754
815,25.968,26.08548
816,25.971998,26.095448
817,25.978,26.103788
818,25.99,26.111212
819,25.99,26.119919
820,26.016,26.126469
821,26.06,26.138418
822,26.199999,26.161247
823,26.259998,26.22156
824,26.5,26.290997
825,26.5,26.414108
826,26.539999,26.514559
827,26.759998,26.593794
828,26.679998,26.711384
829,26.819998,26.780815
830,26.7,26.861727
831,26.269999,26.887003
832,26.112,26.765636
833,26.116,26.599249
834,26.124,26.470728
835,26.149998,26.388811
836,26.157999,26.347681
837,26.164,26.329348
838,26.182,26.322857
839,26.189999,26.32613
840,26.196001,26.332985
841,26.22,26.340433
842,26.226,26.353083
843,26.237999,26.365067
844,26.251999,26.37716
845,26.258001,26.390146
846,26.269999,26.401464
847,26.286,26.412792
848,26.292,26.425692
849,26.306665,26.437101
850,27.73,26.449339
851,27.73,26.87972
852,27.73,27.281452
853,27.73,27.564495
854,27.73,27.742395
855,27.344,27.847525
856,26.948,27.793125
857,26.764,27.601738
858,26.663998,27.379364
859,26.604,27.182774
860,26.584,27.029032
861,26.588,26.92173
862,26.6,26.855787
863,26.612,26.820889
864,26.641998,26.805721
865,26.676,26.808159
866,26.73,26.823845
867,26.762,26.854036
868,26.778,26.888443
869,26.8,26.918993
870,26.821999,26.946732
871,26.862,26.97262
872,26.896,27.002718
873,26.907999,27.035393
874,26.938,27.06305
875,26.966,27.090754
876,27.1,27.119009
877,27.3,27.179155
878,27.68,27.288671
879,27.380001,27.490824
880,27.41,27.567993
881,27.133999,27.605036
882,27.193998,27.541262
883,27.24,27.490976
884,27.292,27.471336
885,27.344,27.479286
886,27.414,27.506441
887,27.466002,27.550924
888,27.512001,27.60215
889,27.564,27.654139
890,27.608,27.70711
891,27.645998,27.758474
892,27.692001,27.806284
893,27.723999,27.853685
894,27.77,27.897175
895,27.81,27.941328
896,27.849998,27.985075
897,27.882,28.028328
898,27.911999,28.068836
899,27.946,28.106285
900,28.008,28.142637
901,28.32,28.186922
902,28.720001,28.312801
903,28.266,28.539593
904,28.137999,28.590944
905,28.168,28.551582
906,28.214,28.51223
907,28.258,28.49749
908,28.288,28.505266
909,28.322,28.524666
910,28.366,28.551231
911,28.394,28.584944
912,28.432001,28.61907
913,28.463999,28.654976
914,28.49,28.69068
915,28.528,28.723965
916,28.541998,28.758581
917,28.567999,28.788115
918,28.586,28.815948
919,28.624,28.840923
920,28.66,28.869516
921,28.675999,28.90154
922,28.706,28.93009
923,28.732,28.95876
924,28.754,28.987112
925,28.769999,29.01397
926,28.804,29.037718
927,28.826,29.064182
928,28.852001,29.090345
929,28.869999,29.1168
930,28.874,29.141249
931,28.892,29.159595
932,28.91,29.176794
933,28.92,29.194244
934,28.936,29.20982
935,28.946001,29.22536
936,28.963999,29.239496
937,28.985998,29.254686
938,28.992,29.272358
939,29.18,29.287405
940,29.259998,29.34377
941,29.28,29.410154
942,29.34,29.465609
943,29.460001,29.517479
944,29.48,29.582678
945,29.56,29.637348
946,29.7,29.693491
947,29.76,29.767635
948,29.819998,29.839304
949,29.562,29.904697
950,29.112,29.888962
951,29.124,29.75254
952,29.132,29.630634
953,29.133999,29.54788
954,29.122,29.49731
955,29.138,29.465065
956,29.136,29.449644
957,29.141998,29.441725
958,29.133999,29.439098
959,29.133999,29.436436
960,29.132,29.43449
961,29.124,29.432768
962,29.108,29.42966
963,29.421999,29.423363
964,29.8,29.493069
965,29.7,29.65001
966,29.619999,29.758394
967,29.499998,29.80675
968,29.42,29.799839
969,29.199999,29.763672
970,29.019999,29.678762
971,30.421999,29.563961
972,30.421999,29.808754
973,30.421999,30.060226
974,30.421999,30.223257
975,30.421999,30.294231
976,29.966,30.329035
977,29.487999,30.296293
978,29.266,30.161314
979,29.294,29.959143
980,29.42,29.801737
981,28.976,29.732056
982,28.923998,29.595215
983,28.882,29.469484
984,28.848,29.371344
985,28.82,29.296736
986,28.798,29.230202
987,28.776,29.181017
988,28.754,29.142881
989,28.737999,29.11132
990,28.721998,29.085423
991,28.713999,29.063349
992,28.696001,29.045921
993,28.682,29.029037
994,28.673998,29.012821
995,28.651999,28.999054
996,28.634,28.983133
997,28.616,28.965878
998,28.608,28.947838
999,28.605999,28.932306
1000,28.595999,28.92108
1001,28.581999,28.910982
1002,28.567999,28.899818
1003,28.556,28.887407
1004,28.543999,28.874647
1005,28.529999,28.861832
1006,28.514,28.84845
1007,28.504,28.833961
1008,28.5,28.820326
1009,28.504,28.809504
1010,28.505999,28.803513
1011,28.49,28.800848
1012,28.484,28.794931
1013,28.462,28.788174
1014,29.91,28.77663
1015,29.91,29.194801
1016,29.91,29.535412
1017,29.91,29.76152
1018,29.91,29.903965
1019,29.372,29.988274
1020,29.251999,29.908102
1021,28.826,29.785633
1022,28.706,29.58655
1023,28.619999,29.397661
1024,28.31,28.60755
1025,28.307999,28.601883
1026,28.301998,28.597158
1027,28.307999,28.592192
1028,28.315998,28.590328
1029,28.312,28.592033
1030,28.31,28.592863
1031,28.303999,28.59268
1032,28.312,28.590551
1033,28.317999,28.590956
1034,28.307999,28.593575
1035,28.298,28.592993
1036,28.293999,28.588917
1037,28.295,28.584034
1038,28.31,28.580637
1039,28.298,28.582945
1040,28.288,28.582317
1041,28.284,28.578259
1042,28.29,28.573402
1043,28.266,28.5715
1044,28.253998,28.563684
1045,28.26,28.553211
1046,28.266,28.546852
1047,28.276001,28.544947
1048,28.274,28.547512
1049,28.26,28.549747
1050,28.248,28.547148
1051,28.253998,28.540667
1052,28.253998,28.536913
1053,28.245998,28.534815
1054,28.252,28.531303
1055,28.245998,28.530233
1056,28.253998,28.528225
1057,28.242,28.52894
1058,28.25,28.52651
1059,28.244,28.526428
1060,28.245998,28.525112
1061,28.252,28.52448
1062,28.24,28.525953
1063,28.237999,28.52393
1064,28.245998,28.521114
1065,28.24,28.521278
1066,28.236,28.520275
1067,28.231998,28.518116
1068,28.25,28.51512
1069,28.234,28.518103
1070,28.231998,28.51683
1071,28.229998,28.514393
1072,28.244,28.511786
1073,28.229998,28.514015
1074,28.24,28.512539
1075,28.245998,28.513617
1076,28.25,28.516733
1077,28.242,28.520605
1078,28.248,28.521194
1079,28.245998,28.522673
1080,28.25,28.523346
1081,28.244,28.524834
1082,28.24,28.52431
1083,28.237999,28.522312
1084,28.24,28.519957
1085,28.234,28.518774
1086,28.229998,28.516401
1087,28.237999,28.513254
1088,28.237999,28.513176
1089,28.236,28.513796
1090,28.242,28.5138
1091,28.234,28.515444
1092,28.24,28.514622
1093,28.274,28.515265
1094,28.314001,28.526096
1095,28.317999,28.547964
1096,28.324,28.56732
1097,28.325998,28.582487
1098,28.328,28.593086
1099,28.33,28.600317
1100,28.32,28.605381
1101,28.307999,28.605593
1102,28.317999,28.60114
1103,28.32,28.599863
1104,28.33,28.600227
1105,28.348,28.603811
1106,28.346,28.61242
1107,28.363998,28.619118
1108,28.36,28.628843
1109,28.355999,28.635334
1110,28.355999,28.638119
1111,28.376,28.639309
1112,28.396,28.64573
1113,28.414,28.657417
1114,28.422,28.672316
1115,28.42,28.686117
1116,28.428,28.695229
1117,28.425999,28.703127
1118,28.449999,28.707958
1119,28.471998,28.71786
1120,28.487999,28.732609
1121,28.502,28.74902
1122,28.536,28.765354
1123,28.564001,28.787148
1124,28.589998,28.812328
1125,30.193333,28.838888
1126,30.193333,29.326391
1127,30.193333,29.695717
1128,30.193333,29.955448
1129,29.818,30.107803
1130,29.391998,30.114145
1131,29.17,29.994818
1132,29.539999,29.8175
1133,29.028,29.76774
1134,28.956,29.637823
1135,28.946001,29.509403
1136,28.952,29.414825
1137,28.968,29.355467
1138,28.984001,29.324038
1139,29.119999,29.311113
1140,29.24,29.338737
1141,29.25,29.395994
1142,30.664999,29.446074
1143,30.664999,29.817732
1144,30.664999,30.140657
1145,30.664999,30.305155
1146,30.317999,30.377525
1147,29.824,30.380306
1148,29.581999,30.309883
1149,29.452,30.183577
1150,29.386,30.021378
1151,29.343998,29.876686
1152,29.328001,29.770777
1153,29.316,29.699116
1154,29.326,29.652111
1155,29.329998,29.626028
1156,29.329998,29.612469
1157,29.358,29.60557
1158,29.386,29.608732
1159,29.418,29.619894
1160,29.442,29.637392
1161,29.47,29.657188
1162,29.501999,29.678637
1163,29.53,29.702084
1164,29.554,29.726099
1165,29.592001,29.749247
1166,29.626,29.774794
1167,29.654,29.801832
1168,29.676,29.828314
1169,29.702,29.85251
1170,29.727999,29.875647
1171,29.751999,29.898272
1172,29.76,29.92018
1173,29.792,29.937706
1174,29.802,29.957003
1175,29.81,29.97367
1176,29.826,29.987007
1177,29.845999,29.999695
1178,29.869999,30.01346
1179,29.888,30.029327
1180,29.897999,30.044285
1181,29.916,30.05664
1182,29.924,30.068897
1183,29.926,30.079378
1184,29.926,30.08696
1185,29.936,30.091784
1186,29.943998,30.09674
1187,29.951998,30.102007
1188,29.964,30.107542
1189,29.972,30.114088
1190,29.99,30.120693
1191,30.037998,30.129217
1192,30.08,30.145782
1193,30.179998,30.168236
1194,30.279999,30.20655
1195,30.359999,30.25041
1196,30.46,30.287916
1197,30.539999,30.323015
1198,30.66,30.358337
1199,30.72,30.39774
1200,30.839998,30.434013
1201,30.779999,30.473366
1202,30.76,30.495522
1203,30.72,30.50542
1204,30.74,30.505253
1205,30.68,30.505222
1206,30.76,30.498302
1207,30.779999,30.501019
1208,30.779999,30.507404
1209,30.74,30.512817
1210,30.74,30.51188
1211,30.82,30.509806
1212,30.800001,30.517286
1213,30.779999,30.522478
1214,30.839998,30.523401
1215,30.88,30.53007
1216,30.263998,30.540766
1217,30.274,30.478228
1218,30.27,30.418106
1219,30.104,30.374802
1220,30.106,30.32804
1221,30.106,30.293753
1222,30.58,30.269691
1223,30.582,30.313341
1224,30.699999,30.357594
1225,30.839998,30.403725
1226,30.82,30.453613
1227,30.76,30.48815
1228,30.64,30.502762
1229,30.5,30.495071
1230,30.34,30.468513
1231,30.26,30.426676
1232,30.037998,30.383871
1233,29.986,30.32712
1234,29.966,30.275776
1235,29.946,30.227877
1236,29.936,30.181824
1237,29.916,30.150215
1238,29.897999,30.126595
1239,29.878,30.107548
1240,29.859999,30.090668
1241,29.838,30.075233
1242,29.816,30.059855
1243,29.802,30.04421
1244,29.786,30.029087
1245,29.772001,30.013922
1246,29.762,29.999937
1247,29.741999,29.987728
1248,29.722,29.974554
1249,29.713999,29.960083
1250,29.698,29.947468
1251,29.688,29.934977
1252,29.682,29.923618
1253,29.678,29.914259
1254,29.668,29.907
1255,29.662,29.89985
1256,29.662,29.893295
1257,29.657999,29.888702
1258,29.652,29.884874
1259,29.646,29.880854
1260,29.632,29.876486
1261,29.616001,29.869926
1262,29.588,29.860912
1263,29.578,29.847204
1264,29.562,29.83392
1265,29.547998,29.820623
1266,29.53,29.807709
1267,29.514,29.794193
1268,29.512,29.780514
1269,29.498001,29.77014
1270,29.506,29.760056
1271,29.491999,29.754757
1272,29.501999,29.748655
1273,29.499998,29.746468
1274,29.498001,29.745274
1275,29.487999,29.744154
1276,29.494,29.740986
1277,29.496,29.739685
1278,29.494,29.739635
1279,29.485998,29.739399
1280,29.28,29.576212
1281,29.27,29.569729
1282,29.268,29.562178
1283,29.254,29.556032
1284,29.259998,29.548573
1285,29.242,29.544342
1286,29.234001,29.537712
1287,29.23,29.530502
1288,29.23,29.524227
1289,29.227999,29.51991
1290,29.222,29.516756
1291,29.22,29.513306
1292,29.22,29.510277
1293,29.215,29.508188
1294,29.218,29.5057
1295,29.213999,29.504536
1296,29.202,29.50303
1297,29.203999,29.499016
1298,29.194,29.496044
1299,29.192,29.491755
1300,29.188,29.487896
1301,29.186,29.484259
1302,29.175999,29.481207
1303,29.178,29.476753
1304,29.165998,29.473715
1305,29.172,29.468975
1306,29.175999,29.466614
1307,29.17,29.466393
1308,29.162,29.46527
1309,29.157999,29.462357
1310,29.146,29.458908
1311,29.14,29.453451
1312,29.144,29.447645
1313,29.126,29.44434
1314,29.127998,29.438215
1315,29.122,29.43366
1316,29.11,29.429293
1317,29.103998,29.423325
1318,29.56,29.417244
1319,29.42,29.521551
1320,29.819998,29.587563
1321,29.78,29.72202
1322,29.72,29.824408
1323,29.66,29.876835
1324,29.66,29.889362
1325,29.640001,29.88965
1326,29.66,29.882414
1327,29.66,29.88032
1328,29.6,29.87994
1329,29.6,29.865744
1330,29.679998,29.852486
1331,29.619999,29.862202
1332,29.619999,29.85985
1333,29.56,29.85557
1334,29.48,29.837671
1335,29.4,29.802761
1336,29.439999,29.754818
1337,29.439999,29.726957
1338,29.499998,29.711285
1339,29.460001,29.716967
1340,29.4,29.716206
1341,29.4,29.699936
1342,29.359999,29.684824
1343,29.359999,29.664654
1344,29.32,29.648989
1345,29.28,29.629177
1346,29.259998,29.60445
1347,29.32,29.5808
1348,29.32,29.578308
1349,29.3,29.58117
1350,29.439999,29.579615
1351,29.48,29.610903
1352,29.56,29.650177
1353,29.679998,29.6993
1354,29.679998,29.765463
1355,29.819998,29.816874
1356,29.58,29.884037
1357,29.268,29.878712
1358,29.122,29.784597
1359,29.154,29.662506
1360,29.154,29.576048
1361,29.162,29.521559
1362,29.175999,29.491217
1363,29.188,29.47798
1364,29.202,29.475021
1365,29.216,29.478481
1366,29.23,29.485706
1367,29.254,29.495054
1368,29.268,29.50799
1369,29.292,29.521404
1370,29.304,29.536964
1371,29.329998,29.551552
1372,29.348,29.56805
1373,29.376,29.58463
1374,29.4,29.603271
1375,29.421999,29.622877
1376,29.442,29.642456
1377,29.461998,29.661325
1378,29.487999,29.679531
1379,29.515999,29.698698
1380,29.523998,29.719393
1381,29.547998,29.736546
1382,29.566,29.753845
1383,29.59,29.77063
1384,29.622,29.788328
1385,29.657999,29.80891
1386,29.682,29.832943
1387,29.717999,29.856737
1388,29.74,29.882402
1389,29.77,29.906548
1390,29.8,29.930756
1391,29.821999,29.95536
1392,29.848,29.978416
1393,29.873999,30.000877
1394,29.888,30.02313
1395,29.916,30.041597
1396,29.946,30.059069
1397,29.975998,30.078033
1398,30.012001,30.098284
1399,30.2,30.120655
1400,30.539999,30.176416
1401,30.66,30.275164
1402,30.116,30.345167
1403,30.154001,30.332787
1404,30.176,30.310331
1405,30.193998,30.294466
1406,30.224,30.286543
1407,30.25,30.28604
1408,30.289999,30.290308
1409,30.324,30.29906
1410,30.335999,30.310287
1411,30.364,30.320324
1412,30.376,30.33054
1413,30.397999,30.33932
1414,30.416,30.347855
1415,30.452,30.356045
1416,30.488,30.36611
1417,30.518,30.377913
1418,30.553999,30.390284
1419,30.588,30.403494
1420,30.618,30.417143
1421,30.633999,30.430552
1422,30.669998,30.442028
1423,30.717999,30.45404
1424,30.758,30.468376
1425,30.779999,30.48385
1426,30.788,30.497814
1427,30.786,30.508482
1428,30.789999,30.515228
1429,30.800001,30.51969
1430,30.822,30.523565
1431,30.838,30.52877
1432,30.839998,30.534668
1433,30.849998,30.539305
1434,30.88,30.543526
1435,30.882,30.549948
1436,30.894001,30.555296
1437,30.896,30.560299
1438,30.909998,30.564068
1439,30.916,30.568129
1440,30.938,30.57182
1441,30.957998,30.57694
1442,30.968,30.583263
1443,30.984,30.589245
1444,31.038,30.595335
1445,31.24,30.605982
1446,31.38,30.637983
1447,31.519999,30.681936
1448,31.74,30.691668
1449,31.9,30.693628
1450,31.104,30.6957
1451,31.112001,30.694342
1452,31.122,30.69265
1453,31.126,30.691397
1454,31.135998,30.690609
1455,31.142,30.68586
1456,31.15,30.678888
1457,31.159998,30.676348
1458,31.17,30.676636
1459,31.17,30.678598
1460,31.178,30.68038
1461,31.159998,30.68254
1462,31.135998,30.682085
1463,31.123999,30.678408
1464,31.11,30.673754
1465,31.116,30.668526
1466,31.118,30.665318
1467,31.134,30.663677
1468,31.14,30.664682
1469,31.151999,30.66668
1470,31.159998,30.66973
1471,31.166,30.673079
1472,31.171999,30.676258
1473,31.178,30.679207
1474,31.174,30.681978
1475,31.156,30.68348
1476,31.142,30.68221
1477,31.144,30.679066
1478,31.134,30.676619
1479,31.126,30.67385
1480,31.122,30.670853
1481,31.272,30.66818
1482,31.42,30.683628
1483,31.58,30.691137
1484,31.82,30.692549
1485,31.66,30.694515
1486,31.48,30.695473
1487,31.4,30.695292
1488,31.279999,30.694626
1489,31.26,30.69361
1490,31.08,30.692732
1491,31.016,30.691483
1492,30.992,30.689262
1493,30.972,30.658527
1494,30.954,30.635872
1495,30.949999,30.619198
1496,30.952,30.608006
1497,30.946,30.601349
1498,30.928,30.59683
1499,30.911999,30.59199
1500,30.897999,30.58659
1501,30.884,30.58095
1502,30.872,30.575226
1503,30.863998,30.569677
1504,30.86,30.564814
1505,30.852,30.560987
1506,30.849998,30.557528
1507,30.844,30.554882
1508,30.838,30.55246
1509,30.824001,30.550066
1510,30.828,30.54673
1511,30.825998,30.544573
1512,30.808,30.543049
1513,30.801998,30.54001
1514,30.786,30.53679
1515,30.786,30.53258
1516,30.772,30.529324
1517,30.762,30.525566
1518,30.752,30.52159
1519,30.736,30.517515
1520,30.714,30.512707
1521,30.704,30.506533
1522,30.688,30.50062
1523,30.674,30.494564
1524,30.666,30.488543
1525,30.661999,30.483278
1526,30.652,30.479185
1527,30.65,30.475334
1528,30.652,30.472376
1529,30.636,30.470669
1530,30.616,30.467865
1531,30.608,30.463293
1532,30.612,30.458675
1533,30.599998,30.455795
1534,30.598001,30.452717
1535,30.588,30.450218
1536,30.380001,30.362762
1537,30.368,30.360226
1538,30.376,30.357012
1539,30.373999,30.35547
1540,30.368,30.354498
1541,30.376,30.353222
1542,30.382,30.35316
1543,30.39,30.354078
1544,30.387999,30.35588
1545,30.380001,30.357147
1546,30.373999,30.357018
1547,30.354,30.355925
1548,30.342,30.352612
1549,30.326666,30.348347
1550,30.324,30.343287
1551,30.314,30.339153
1552,30.296,30.335217
1553,30.278,30.330336
1554,30.272,30.32453
1555,30.27,30.319435
1556,30.274,30.315685
1557,30.265999,30.313738
1558,30.268,30.311802
1559,30.255999,30.310637
1560,30.258,30.308582
1561,30.255999,30.307135
1562,30.258,30.305996
1563,30.254,30.30547
1564,30.255999,30.304762
1565,30.244,30.304445
1566,30.238,30.30292
1567,30.241999,30.300854
1568,30.239998,30.299711
1569,30.239998,30.298857
1570,30.239998,30.298302
1571,30.23,30.29797
1572,30.222,30.29662
1573,30.212,30.2945
1574,30.21,30.291645
1575,30.208,30.28919
1576,30.198,30.287273
1577,30.208,30.284857
1578,30.203999,30.284155
1579,30.193998,30.28349
1580,30.196,30.281689
1581,30.217999,30.280407
1582,30.227999,30.282547
1583,30.208,30.285881
1584,30.203999,30.286118
1585,30.198,30.285189
1586,30.185999,30.283493
1587,30.182,30.280361
1588,30.174,30.277287
1589,30.162,30.274012
1590,30.155998,30.27
1591,30.166,30.266138
1592,30.16,30.264723
1593,30.15,30.263441
1594,30.142,30.261139
1595,30.14,30.257746
1596,30.133999,30.254814
1597,30.142,30.251863
1598,30.133999,30.250992
1599,30.133999,30.249561
1600,30.136,30.24841
1601,30.138,30.247953
1602,30.130001,30.248093
1603,30.130001,30.247066
1604,30.122,30.246075
1605,30.131998,30.244106
1606,30.131998,30.244043
1607,30.131998,30.244423
1608,30.14,30.244793
1609,30.146,30.246311
1610,30.162,30.248602
1611,30.174,30.252935
1612,30.184,30.258394
1613,30.203999,30.263739
1614,30.212,30.270014
1615,30.217999,30.275911
1616,30.224,30.280886
1617,30.236,30.28492
1618,30.25,30.288774
1619,30.254,30.293224
1620,30.26,30.29703
1621,30.272,30.30033
1622,30.278,30.303986
1623,30.276,30.307396
1624,30.284,30.30957
1625,30.298,30.311794
1626,30.310001,30.315027
1627,30.316,30.318968
1628,30.317999,30.322662
1629,30.325998,30.325506
1630,30.335999,30.328293
1631,30.346,30.33145
1632,30.349998,30.334965
1633,30.372,30.33804
1634,30.404,30.342709
1635,30.418001,30.350124
1636,30.435999,30.357698
1637,30.46,30.365282
1638,30.481998,30.373528
1639,30.52,30.38217
1640,30.529999,30.392883
1641,30.550001,30.40223
1642,30.567999,30.410982
1643,30.59,30.419252
1644,30.612,30.427654
1645,30.645998,30.43629
1646,30.684,30.446503
1647,30.714,30.458609
1648,30.74,30.471226
1649,31.817999,30.48345
1650,31.817999,30.616556
1651,31.817999,30.691925
1652,31.817999,30.694582
1653,31.817999,30.69624
1654,31.528,30.697214
1655,31.336,30.69672
1656,31.245998,30.695356
1657,31.199999,30.69386
1658,31.182001,30.692593
1659,31.18,30.691666
1660,31.183998,30.691067
1661,31.21,30.690723
1662,31.24,30.690624
1663,31.262,30.690712
1664,31.283998,30.690897
1665,31.31,30.69113
1666,31.33,30.6914
1667,31.354,30.691675
1668,31.386,30.691963
1669,31.422,30.692286
1670,31.442,30.692656
1671,31.470001,30.693005
1672,31.5,30.69335
1673,31.543999,30.693708
1674,31.576,30.694124
1675,31.608,30.694551
1676,31.634,30.694977
1677,31.664,30.695375
1678,31.704,30.695765
1679,31.74,30.696184
1680,31.772,30.696623
1681,31.805998,30.697058
1682,31.828001,30.697493
1683,31.844,30.697882
1684,31.853998,30.69821
1685,31.86,30.69847
1686,31.883999,30.698662
1687,31.91,30.698872
1688,31.932,30.699121
1689,31.949999,30.699387
1690,31.966,30.699646
1691,31.976,30.699888
1692,31.99,30.700094
1693,31.996,30.700285
1694,32.0,30.700441
1695,32.16,30.70056
1696,32.36,30.701212
1697,32.66,30.702518
1698,32.84,30.704676
1699,32.264,30.707062
1700,32.424,30.70675
1701,32.68,30.706514
1702,32.719997,30.707287
1703,32.76,30.7082
1704,32.62,30.709034
1705,32.36,30.70911
1706,32.096,30.708067
1707,31.982,30.706121
1708,31.963999,30.704117
1709,31.949999,30.7026
1710,31.956,30.701565
1711,31.977999,30.700949
1712,31.996,30.700674
1713,32.1,30.700619
1714,32.26,30.701
1715,32.38,30.701944
1716,32.5,30.703176
1717,32.64,30.704557
1718,32.76,30.706085
1719,32.82,30.707645
1720,32.582,30.708992
1721,32.262,30.709055
1722,32.264,30.707672
1723,32.420002,30.706367
1724,32.56,30.70601
1725,32.26,30.706467
1726,32.262,30.705887
1727,32.722,30.705256
1728,32.74,30.706444
1729,32.262,30.707758
1730,32.7,30.70701
1731,32.82,30.7076
1732,32.899998,30.708744
1733,32.719997,30.709978
1734,32.64,30.710236
1735,32.5,30.70992
1736,32.420002,30.709066
1737,32.44,30.708046
1738,32.28,30.70735
1739,32.2,30.706345
1740,32.058,30.705267
1741,31.984001,30.703966
1742,31.994,30.702715
1743,31.98,30.701866
1744,31.966,30.701288
1745,31.958,30.700886
1746,31.939999,30.700605
1747,31.924,30.700365
1748,31.907999,30.700144
1749,31.888,30.69993
1750,31.882,30.699707
1751,31.866,30.699524
1752,31.852001,30.699345
1753,31.838,30.699165
1754,31.821999,30.698984
1755,31.805998,30.6988
1756,31.798,30.698606
1757,31.778,30.698439
1758,31.768,30.69825
1759,31.75,30.698074
1760,31.73,30.697887
1761,31.716,30.697678
1762,31.704,30.697472
1763,31.697998,30.69728
1764,31.682,30.697126
1765,31.67,30.696964
1766,31.661999,30.696804
1767,31.637999,30.696661
1768,31.627998,30.696474
1769,31.605999,30.696295
1770,31.6,30.696089
1771,31.581999,30.695913
1772,31.57,30.69573
1773,31.557999,30.69555
1774,31.543999,30.695383
1775,31.53,30.695211
1776,31.516,30.695038
1777,31.509998,30.694864
1778,31.506,30.694715
1779,31.495998,30.694601
1780,31.478,30.69449
1781,31.468,30.694345
1782,31.447998,30.694199
1783,31.435999,30.694021
1784,31.434,30.693844
1785,31.432,30.693708
1786,31.425999,30.693615
1787,31.418,30.693533
1788,31.418,30.693449
1789,31.404,30.693386
1790,31.386,30.693298
1791,31.368,30.693163
1792,31.132,30.674486
1793,31.126,30.672075
1794,31.112001,30.669651
1795,31.26,30.66628
1796,31.099998,30.680714
1797,31.104,30.676598
1798,31.42,30.669996
1799,31.56,30.69068
1800,31.78,30.69214
1801,31.699999,30.69409
1802,31.6,30.695307
1803,31.519999,30.695662
1804,31.519999,30.69544
1805,31.433334,30.695158
1806,31.46,30.694628
1807,31.48,30.69429
1808,31.36,30.69416
1809,31.26,30.69368
1810,31.14,30.6929
1811,31.06,30.691841
1812,31.016,30.69073
1813,30.992,30.672556
1814,30.99,30.648113
1815,30.972,30.631783
1816,30.966,30.619705
1817,30.96,30.611235
1818,30.949999,30.605213
1819,30.942,30.60026
1820,30.944,30.595991
1821,30.948,30.59329
1822,30.932001,30.59216
1823,30.924,30.589848
1824,30.918,30.587004
1825,30.911999,30.584143
1826,30.916,30.581385
1827,30.909998,30.579876
1828,30.908,30.578371
1829,30.904,30.577053
1830,30.9,30.575684
1831,30.9,30.574224
1832,30.894001,30.573149
1833,30.894001,30.571762
1834,30.887999,30.570694
1835,30.89,30.569304
1836,30.89,30.568459
1837,30.882,30.567966
1838,30.88,30.56677
1839,30.878,30.565517
1840,30.878,30.564371
1841,30.863998,30.563568
1842,30.874998,30.561445
1843,32.469997,30.560894
1844,32.469997,30.692087
1845,32.469997,30.697472
1846,32.469997,30.701256
1847,32.128,30.703625
1848,31.619999,30.70379
1849,31.336,30.7016
1850,31.158,30.698488
1851,31.56,30.695415
1852,30.987999,30.694662
1853,30.94,30.692566
1854,30.904,30.690594
1855,30.878,30.650948
1856,30.86,30.615458
1857,30.836,30.590641
1858,30.836,30.572378
1859,30.825998,30.560635
1860,30.822,30.552435
1861,30.825998,30.546871
1862,30.828,30.543938
1863,30.839998,30.542633
1864,30.848,30.543446
1865,30.854,30.545368
1866,30.862,30.547771
1867,30.872,30.550518
1868,30.872,30.553732
1869,30.882,30.556156
1870,30.896,30.558887
1871,30.911999,30.562544
1872,30.932001,30.567234
1873,30.94,30.573156
1874,30.96,30.578629
1875,30.972,30.584785
1876,30.976,30.590769
1877,30.995998,30.595509
1878,31.12,30.600964
1879,31.38,30.619371
1880,31.46,30.665506
1881,31.6,30.691101
1882,31.699999,30.692705
1883,31.84,30.694237
1884,31.86,30.695827
1885,31.42,30.697054
1886,31.116,30.696272
1887,31.126,30.694174
1888,31.14,30.69242
1889,31.158,30.691284
1890,31.175999,30.690668
1891,31.199999,30.690405
1892,31.226,30.690376
1893,31.26,30.6905
1894,31.279999,30.690746
1895,31.324,30.691021
1896,31.339998,30.691381
1897,31.369999,30.691717
1898,31.398,30.692062
1899,31.422,30.692413
1900,31.452,30.692753
1901,31.476,30.693104
1902,31.509998,30.693443
1903,31.541998,30.69381
1904,31.588,30.694193
1905,31.626001,30.694637
1906,31.682,30.695107
1907,31.726,30.69565
1908,31.762,30.696217
1909,31.786,30.696756
1910,31.834,30.697226
1911,31.864,30.697721
1912,31.886,30.698189
1913,31.91,30.698599
1914,31.932,30.698969
1915,31.952,30.699303
1916,31.976,30.69961
1917,32.016,30.699907
1918,32.16,30.700264
1919,32.46,30.701054
1920,32.56,30.702791
1921,32.719997,30.70461
1922,32.82,30.706507
1923,32.262,30.708246
1924,32.12,30.707455
1925,32.134,30.705822
1926,32.154,30.70452
1927,32.164,30.703726
1928,32.17,30.703302
1929,32.176,30.703102
1930,32.204,30.703026
1931,32.24,30.7031
1932,32.267998,30.703316
1933,32.289997,30.7036
1934,32.315998,30.7039
1935,32.346,30.70421
1936,32.37,30.704546
1937,32.392,30.704878
1938,32.416,30.705196
1939,32.45,30.705507
1940,32.474,30.70585
1941,32.488,30.706194
1942,32.494,30.70649
1943,32.512,30.70671
1944,32.52,30.70692
1945,32.553997,30.707098
1946,32.582,30.70734
1947,32.601997,30.707626
1948,32.616,30.707916
1949,32.64,30.708176
1950,32.66,30.70844
1951,32.668,30.708704
1952,32.68,30.708921
1953,32.69,30.709112
1954,32.686,30.709278
1955,32.684,30.70938
1956,32.686,30.709427
1957,32.69,30.709461
1958,32.7,30.709494
1959,32.702,30.709555
1960,32.711998,30.70961
1961,32.708,30.709686
1962,32.71,30.709732
1963,32.7,30.709763
1964,32.708,30.709745
1965,32.716,30.709755
1966,32.73,30.709793
1967,32.733997,30.709879
1968,32.736,30.709963
1969,32.74,30.710033
1970,32.74,30.710093
1971,32.746,30.710133
1972,32.76,30.710182
1973,32.766,30.710268
1974,32.776,30.710358
1975,32.774,30.71046
1976,32.772,30.710531
1977,32.772,30.710566
1978,32.776,30.710585
1979,32.778,30.710608
1980,32.792,30.710632
1981,32.808,30.710701
1982,32.822,30.710817
1983,32.829998,30.710962
1984,32.824,30.7111
1985,32.815998,30.711178
1986,32.806,30.71119
1987,32.792,30.71115
1988,32.778,30.711058
1989,32.78,30.71093
1990,32.794,30.710838
1991,32.808,30.71083
1992,32.81,30.710894
1993,32.803997,30.710962
1994,32.802002,30.710989
1995,32.808,30.710995
1996,32.81,30.711014
1997,32.806,30.711039
1998,32.792,30.711042
1999,32.78,30.710993
2000,32.772,30.7109
2001,32.752,30.710794
2002,32.74,30.710646
2003,32.724,30.710485
2004,32.716,30.710312
2005,32.69,30.710152
2006,32.688,30.70995
2007,32.662,30.709787
2008,32.652,30.709585
2009,32.622,30.709396
2010,32.606,30.709156
2011,32.587997,30.708914
2012,32.576,30.708673
2013,32.552002,30.708458
2014,32.534,30.708223
2015,32.516,30.707987
2016,32.49,30.70775
2017,32.472,30.707487
2018,32.464,30.707228
2019,32.442,30.707014
2020,32.434,30.706789
2021,32.418,30.7066
2022,32.402,30.706411
2023,32.394,30.706219
2024,32.382,30.70605
2025,32.36,30.705894
2026,32.337997,30.705702
2027,32.336,30.705479
2028,32.329998,30.705305
2029,32.308,30.70517
2030,32.289997,30.704998
2031,32.267998,30.704807
2032,32.246,30.704584
2033,32.236,30.704338
2034,32.224,30.704119
2035,32.214,30.703926
2036,32.196,30.703758
2037,32.18,30.703575
2038,32.176,30.703384
2039,32.174,30.703232
2040,32.16,30.703121
2041,32.146,30.703003
2042,32.146,30.702864
2043,32.148,30.702763
2044,32.121998,30.702703
2045,32.108,30.702576
2046,32.84,30.70242
2047,32.733334,30.704935
2048,31.758,30.697903
2049,31.744,30.697807
2050,31.737999,30.69769
2051,31.723999,30.697578
2052,31.713999,30.697453
2053,31.71,30.697319
2054,31.696001,30.697208
2055,31.699999,30.697086
2056,31.696001,30.697008
2057,31.685999,30.696945
2058,31.68,30.69687
2059,31.685999,30.696793
2060,31.668,30.696756
2061,31.673334,30.696674
2062,31.661999,30.696625
2063,31.657999,30.696556
2064,31.654,30.69649
2065,31.656,30.696424
2066,31.644,30.696386
2067,31.626001,30.696323
2068,31.634,30.696205
2069,31.626001,30.69614
2070,31.616,30.696074
2071,31.61,30.695992
2072,31.613998,30.695906
2073,31.605999,30.69586
2074,31.603998,30.695805
2075,31.594,30.695757
2076,31.586,30.695686
2077,31.58,30.695604
2078,31.581999,30.695518
2079,31.58,30.695467
2080,31.572,30.695427
2081,31.57,30.695375
2082,31.565998,30.695326
2083,31.55,30.695276
2084,31.556,30.695183
2085,31.55,30.69513
2086,31.55,30.695078
2087,31.546,30.695042
2088,31.548,30.695004
2089,31.538,30.69498
2090,31.532,30.694937
2091,31.522,30.694876
2092,31.524,30.694792
2093,31.517998,30.694735
2094,31.519999,30.694677
2095,31.509998,30.694643
2096,31.504,30.694588
2097,31.504,30.694523
2098,31.495998,30.694473
2099,31.492,30.694412
2100,31.494001,30.694351
2101,31.487999,30.694315
2102,31.492,30.694273
2103,31.473999,30.694256
2104,31.466,30.694183
2105,31.463999,30.69409
2106,31.452,30.694014
2107,31.454,30.693918
2108,31.446001,30.693853
2109,31.434,30.693783
2110,31.439999,30.69369
2111,31.46,30.693638
2112,31.473999,30.693682
2113,31.484,30.693785
2114,31.49,30.693907
2115,31.512,30.694023
2116,31.504,30.694181
2117,31.508,30.694277
2118,31.486,30.694345
2119,31.466,30.694311
2120,31.484,30.694191
2121,31.536,30.69415
2122,31.584,30.694326
2123,31.627998,30.694675
2124,31.664,30.69512
2125,31.696001,30.69559
2126,31.718,30.696049
2127,31.708,30.696455
2128,31.682,30.6967
2129,30.793999,30.696743
2130,29.141998,30.693533
2131,27.668001,30.507198
2132,26.694,29.938486
2133,26.043999,28.958097
2134,25.322,27.936522
2135,24.986,27.01057
2136,24.477999,26.264801
2137,24.314,25.616318
2138,23.977999,25.12182
2139,23.576,24.688324
2140,23.336,24.24371
2141,23.36,23.849226
2142,22.93,23.584
2143,22.788,23.271729
2144,22.776001,22.98577
2145,22.67,22.783186
2146,22.494,22.619415
2147,22.392,22.449818
2148,22.644001,22.291676
2149,22.598,22.266647
2150,22.502,22.26211
2151,22.478,22.23041
2152,22.512001,22.193514
2153,22.527998,22.177551
2154,22.356,22.176136
2155,22.382,22.119368
2156,22.188,22.075436
2157,22.244,21.980185
2158,22.142,21.919569
2159,22.154,21.848625
2160,22.276001,21.799446
2161,22.028,21.810595
2162,21.924,21.746792
2163,21.904001,21.648891
2164,22.08,21.564163
2165,21.784,21.56634
2166,21.738,21.48552
2167,21.714,21.393423
2168,21.678001,21.316528
2169,21.657999,21.25215
2170,21.506,21.201761
2171,21.491999,21.116444
2172,21.41,21.042645
2173,21.404001,20.963943
2174,21.442,20.904144
2175,21.914,20.878345
2176,22.91,21.028868
2177,23.834,21.516747
2178,24.578,22.257795
2179,25.216,23.101118
2180,25.779999,23.92345
2181,26.282001,24.685375
2182,26.713999,25.337658
2183,27.227999,25.917128
2184,27.515999,26.472763
2185,27.836,26.953047
2186,28.37,27.37722
2187,28.35,27.828415
2188,28.57,28.153502
2189,28.788,28.424946
2190,28.862,28.672983
2191,28.056,28.868296
2192,27.438,28.759165
2193,26.223999,28.430864
2194,25.289999,27.786762
2195,24.664,26.976566
2196,24.388,26.170795
2197,24.189999,25.509382
2198,23.562,25.005796
2199,23.237999,24.460756
2200,23.38,23.948633
2201,23.041998,23.63689
2202,22.85,23.339758
2203,22.848,23.058472
2204,22.736,22.860771
2205,22.688,22.69866
2206,22.596,22.573391
2207,22.644001,22.46007
2208,22.504002,22.39767
2209,22.426,22.316032
2210,22.322,22.226349
2211,22.268,22.124454
2212,22.262001,22.03012
2213,22.246,21.961842
2214,22.300001,21.91283
2215,21.849998,21.900377
2216,21.784,21.745304
2217,21.826,21.57987
2218,21.842001,21.472984
2219,21.852,21.414341
2220,21.776,21.386112
2221,21.703999,21.346384
2222,21.534,21.290655
2223,21.265999,21.188824
2224,21.358,21.013674
2225,21.27,20.90312
2226,21.256,20.807539
2227,21.296001,20.737219
2228,21.297998,20.705812
2229,21.304,20.692541
2230,21.35,20.688963
2231,21.171999,20.704239
2232,21.344,20.658379
2233,21.109999,20.670925
2234,20.936,20.612598
2235,20.764,20.495516
2236,20.718,20.339537
2237,20.814,20.20309
2238,20.668,20.142006
2239,20.73,20.064528
2240,20.751999,20.026407
2241,20.622,20.015102
2242,20.552,19.968283
2243,20.478,19.902834
2244,20.509998,19.826303
2245,20.42,19.779837
2246,20.470001,19.722054
2247,20.368,19.695219
2248,20.348,19.647747
2249,20.258,19.602242
2250,20.26,19.539085
2251,20.29,19.490427
2252,20.258,19.46892
2253,20.304,19.448372
2254,20.248,19.44955
2255,20.245998,19.436
2256,20.252,19.422348
2257,20.446001,19.414574
2258,20.377998,19.476715
2259,20.66,19.513447
2260,20.254,19.630909
2261,19.946001,19.594011
2262,19.918001,19.428154
2263,19.89,19.271082
2264,19.872,19.150276
2265,19.978,19.064186
2266,19.842,19.046986
2267,19.793999,19.00236
2268,19.704,18.947613
2269,19.722,18.874756
2270,19.796,18.824667
2271,19.726,18.819263
2272,19.714,18.800848
2273,19.730001,18.780487
2274,19.723999,18.771147
2275,19.972,18.764788
2276,20.972,18.847004
2277,21.942001,19.270464
2278,22.64,19.979029
2279,23.314001,20.790972
2280,23.8,21.628674
2281,24.332,22.403563
2282,24.564,23.129606
2283,24.862,23.70767
2284,25.199999,24.179861
2285,25.39,24.610033
2286,25.63,24.957655
2287,25.853998,25.254284
2288,26.34,25.526613
2289,26.234001,25.861416
2290,26.383999,26.084644
2291,26.515999,26.265272
2292,26.652,26.425098
2293,26.765999,26.575867
2294,26.872,26.7162
2295,26.994,26.846313
2296,27.5,26.973927
2297,27.157999,27.215025
2298,27.232,27.312338
2299,27.287998,27.372776
2300,27.357998,27.424795
2301,27.421999,27.48112
2302,27.486,27.541473
2303,27.556,27.60486
2304,28.468,28.704466
2305,28.484,28.724033
2306,28.514,28.74274
2307,28.538,28.76489
2308,28.567999,28.788694
2309,28.584,28.815075
2310,28.589998,28.839365
2311,28.603998,28.858181
2312,28.624,28.874672
2313,28.632,28.891949
2314,28.642,28.906927
2315,28.65,28.920174
2316,28.668,28.931698
2317,28.6775,28.944937
2318,28.692,28.95766
2319,28.71,28.970991
2320,28.726,28.986046
2321,28.75,29.001995
2322,28.778,29.020767
2323,28.783998,29.04318
2324,28.798,29.061905
2325,28.8,29.078718
2326,28.814001,29.091002
2327,28.817999,29.102993
2328,28.829998,29.112751
2329,28.845999,29.122837
2330,28.855999,29.134895
2331,28.868,29.146973
2332,28.872,29.159222
2333,28.876001,29.169264
2334,28.882,29.177193
2335,28.89,29.18421
2336,28.898,29.191425
2337,28.901999,29.199032
2338,28.92,29.20578
2339,28.928,29.215769
2340,28.932,29.226036
2341,28.936,29.234678
2342,28.944,29.241726
2343,28.944,29.248814
2344,28.942,29.253933
2345,28.947998,29.256594
2346,28.97,29.259748
2347,28.977999,29.268621
2348,28.984001,29.278635
2349,28.99,29.287868
2350,28.99,29.296122
2351,28.994,29.301851
2352,28.995998,29.305794
2353,29.018,29.30889
2354,29.1,29.316246
2355,29.1,29.34222
2356,29.16,29.36489
2357,29.259998,29.394777
2358,29.3,29.441761
2359,29.3,29.488903
2360,29.48,29.522894
2361,29.58,29.58741
2362,29.439999,29.664438
2363,29.539999,29.689308
2364,29.58,29.719614
2365,29.7,29.752195
2366,29.66,29.80476
2367,29.116,29.83749
2368,29.14,29.727024
2369,29.141998,29.621733
2370,29.138,29.547499
2371,29.144,29.499857
2372,29.17,29.472782
2373,29.18,29.463982
2374,29.202,29.463991
2375,29.235998,29.471167
2376,29.272,29.486052
2377,29.3,29.507019
2378,29.334,29.530134
2379,29.378,29.555346
2380,29.424,29.584478
2381,29.460001,29.617414
2382,29.509998,29.650501
2383,29.461998,29.6863
2384,28.75,29.701248
2385,27.868,29.537653
2386,26.556,29.138027
2387,25.384,28.366356
2388,24.622,27.39366
2389,24.216,26.422857
2390,23.689999,25.603495
2391,23.336,24.890312
2392,23.432,24.246183
2393,23.064001,23.837736
2394,22.774,23.477049
2395,22.604,23.115183
2396,22.454,22.800259
2397,22.286001,22.532576
2398,22.16,22.29291
2399,22.338,22.083559
2400,22.19,22.000742
2401,21.832,21.918306
2402,21.52,21.736506
2403,21.477999,21.477081
2404,21.539999,21.259144
2405,21.53,21.132658
2406,21.556,21.058105
2407,21.57,21.02482
2408,21.547998,21.014708
2409,21.491999,21.004969
2410,21.392,20.978876
2411,21.372,20.922304
2412,21.288,20.868092
2413,21.294,20.800755
2414,21.164001,20.751541
2415,21.27,20.67565
2416,21.679998,20.65155
2417,21.004,20.785948
2418,21.076,20.685722
2419,20.854,20.586943
2420,20.762,20.44015
2421,20.82,20.292492
2422,20.890001,20.205927
2423,20.882,20.18098
2424,20.92,20.173765
2425,20.842001,20.185448
2426,20.735998,20.171284
2427,20.672,20.119104
2428,20.619999,20.051363
2429,20.460001,19.981354
2430,20.486,19.875544
2431,20.821999,19.800743
2432,21.810001,19.86871
2433,22.598,20.287308
2434,23.516,20.935022
2435,24.012,21.765415
2436,24.578,22.57274
2437,25.088,23.342392
2438,25.495998,24.031506
2439,25.882,24.64496
2440,26.34,25.162945
2441,26.504,25.650463
2442,26.741999,26.046284
2443,26.928001,26.381844
2444,27.348,26.665436
2445,27.34,26.982597
2446,27.472,27.21586
2447,26.939999,27.404465
2448,26.112,27.372942
2449,24.9,27.056683
2450,23.952,26.406988
2451,23.612,25.584524
2452,23.258,24.853317
2453,22.731998,24.188206
2454,22.567999,23.565445
2455,22.300001,23.051807
2456,22.193998,22.616838
2457,22.098001,22.285719
2458,21.976,22.037098
2459,22.286001,21.83445
2460,21.986,21.804752
2461,21.696,21.718637
2462,21.58,21.545137
2463,21.48,21.361704
2464,21.416,21.193409
2465,21.352,21.053656
2466,21.288,20.937454
2467,21.202,20.837156
2468,21.189999,20.738966
2469,21.157999,20.664707
2470,21.141998,20.605528
2471,21.188,20.560764
2472,21.203999,20.547482
2473,21.251999,20.550173
2474,21.206,20.572168
2475,21.17,20.57651
2476,21.126,20.563435
2477,21.156,20.535164
2478,20.926,20.521788
2479,20.855999,20.436626
2480,20.858,20.335676
2481,20.796,20.260292
2482,20.712,20.190384
2483,20.766,20.112492
2484,21.039999,20.073189
2485,21.456,20.147198
2486,21.748001,20.367722
2487,21.588,20.658443
2488,21.394,20.828217
2489,21.232,20.8575
2490,21.136,20.792397
2491,21.462,20.692036
2492,20.562,20.723867
2493,20.232,20.467323
2494,20.38,20.106546
2495,20.122,19.874935
2496,19.964,19.648115
2497,19.928,19.431736
2498,19.812,19.2659
2499,19.772,19.117107
2500,19.792,18.99924
2501,19.808,18.9285
2502,19.822,18.893494
2503,19.842,18.880993
2504,19.85,18.883863
2505,19.782,18.891945
2506,19.754002,18.875578
2507,19.812,18.848734
2508,19.800001,18.847212
2509,19.75,18.847569
2510,19.707998,18.830875
2511,19.68,18.800545
2512,19.688,18.766064
2513,19.68,18.74314
2514,19.702,18.726383
2515,19.746,18.723316
2516,19.764,18.739384
2517,19.824001,18.761358
2518,19.803999,18.799295
2519,19.812,18.823133
2520,19.772,18.83998
2521,19.800001,18.836649
2522,19.79,18.839598
2523,19.744,18.83963
2524,19.702,18.82304
2525,19.674,18.792892
2526,19.66,18.75852
2527,19.726,18.728024
2528,19.75,18.729858
2529,19.71,18.74656
2530,19.730001,18.747908
2531,20.086,18.752459
2532,20.946001,18.880138
2533,21.674,19.294867
2534,22.424,19.903032
2535,22.958,20.640417
2536,23.348,21.38218
2537,23.786,22.05051
2538,24.203999,22.665401
2539,24.392,23.239344
2540,24.631998,23.695332
2541,24.858,24.071007
2542,25.386002,24.399736
2543,25.25,24.79721
2544,25.396,25.033297
2545,25.556,25.218224
2546,25.716,25.387543
2547,25.866,25.553436
2548,26.103998,25.716528
2549,26.418,25.903873
2550,26.211998,26.137136
2551,26.296,26.25413
2552,26.359999,26.337729
2553,26.407999,26.409616
2554,26.453999,26.473022
2555,26.498,26.53043
2556,26.533998,26.583391
2557,26.584,26.631329
2558,26.624,26.67952
2559,26.674,26.726112
